canton,sex,age,count
CH,Male,1,43971
CH,Male,2,45122
CH,Male,3,45147
CH,Male,4,44750
CH,Male,5,43903
CH,Male,6,44364
CH,Male,7,43770
CH,Male,8,44012
CH,Male,9,43649
CH,Male,10,43481
CH,Male,11,42417
CH,Male,12,42192
CH,Male,13,42036
CH,Male,14,41726
CH,Male,15,41221
CH,Male,16,42139
CH,Male,17,42505
CH,Male,18,45577
CH,Male,19,45811
CH,Male,20,47278
CH,Male,21,48512
CH,Male,22,49384
CH,Male,23,49648
CH,Male,24,51091
CH,Male,25,52804
CH,Male,26,55400
CH,Male,27,57207
CH,Male,28,58634
CH,Male,29,58751
CH,Male,30,60374
CH,Male,31,59635
CH,Male,32,60388
CH,Male,33,60519
CH,Male,34,61249
CH,Male,35,60814
CH,Male,36,61828
CH,Male,37,61448
CH,Male,38,61685
CH,Male,39,59470
CH,Male,40,58883
CH,Male,41,58801
CH,Male,42,57902
CH,Male,43,57734
CH,Male,44,59169
CH,Male,45,59200
CH,Male,46,61245
CH,Male,47,62637
CH,Male,48,63576
CH,Male,49,64991
CH,Male,50,66238
CH,Male,51,66961
CH,Male,52,68392
CH,Male,53,68652
CH,Male,54,69525
CH,Male,55,66968
CH,Male,56,64252
CH,Male,57,61489
CH,Male,58,59713
CH,Male,59,57460
CH,Male,60,55318
CH,Male,61,53370
CH,Male,62,51601
CH,Male,63,48739
CH,Male,64,46449
CH,Male,65,44271
CH,Male,66,43203
CH,Male,67,41031
CH,Male,68,41845
CH,Male,69,40691
CH,Male,70,40631
CH,Male,71,39793
CH,Male,72,39228
CH,Male,73,37329
CH,Male,74,35854
CH,Male,75,33867
CH,Male,76,31821
CH,Male,77,28671
CH,Male,78,25369
CH,Male,79,24119
CH,Male,80,22555
CH,Male,81,20886
CH,Male,82,19637
CH,Male,83,18413
CH,Male,84,16761
CH,Male,85,14721
CH,Male,86,13466
CH,Male,87,11738
CH,Male,88,10121
CH,Male,89,8467
CH,Male,90,7007
CH,Male,91,5578
CH,Male,92,4508
CH,Male,93,3487
CH,Male,94,2568
CH,Male,95,1948
CH,Male,96,1324
CH,Male,97,960
CH,Male,98,599
CH,Male,99,790
CH,Female,1,41640
CH,Female,2,43084
CH,Female,3,42394
CH,Female,4,42320
CH,Female,5,41412
CH,Female,6,41534
CH,Female,7,41316
CH,Female,8,42223
CH,Female,9,41279
CH,Female,10,40856
CH,Female,11,40350
CH,Female,12,39834
CH,Female,13,39693
CH,Female,14,40019
CH,Female,15,39340
CH,Female,16,39666
CH,Female,17,39772
CH,Female,18,42267
CH,Female,19,42631
CH,Female,20,43793
CH,Female,21,44935
CH,Female,22,46578
CH,Female,23,47093
CH,Female,24,48342
CH,Female,25,50322
CH,Female,26,53720
CH,Female,27,55137
CH,Female,28,57030
CH,Female,29,57454
CH,Female,30,59110
CH,Female,31,58232
CH,Female,32,59415
CH,Female,33,59610
CH,Female,34,59839
CH,Female,35,59194
CH,Female,36,60639
CH,Female,37,60082
CH,Female,38,60118
CH,Female,39,58686
CH,Female,40,57888
CH,Female,41,57776
CH,Female,42,57608
CH,Female,43,57179
CH,Female,44,58120
CH,Female,45,58682
CH,Female,46,59900
CH,Female,47,62130
CH,Female,48,62736
CH,Female,49,64499
CH,Female,50,65644
CH,Female,51,66024
CH,Female,52,66900
CH,Female,53,66537
CH,Female,54,67625
CH,Female,55,65512
CH,Female,56,62746
CH,Female,57,60756
CH,Female,58,58873
CH,Female,59,56966
CH,Female,60,54314
CH,Female,61,52971
CH,Female,62,50952
CH,Female,63,49056
CH,Female,64,47838
CH,Female,65,46126
CH,Female,66,45576
CH,Female,67,43684
CH,Female,68,44636
CH,Female,69,43873
CH,Female,70,44322
CH,Female,71,43437
CH,Female,72,43149
CH,Female,73,40767
CH,Female,74,40194
CH,Female,75,38743
CH,Female,76,36533
CH,Female,77,34279
CH,Female,78,31604
CH,Female,79,30300
CH,Female,80,28925
CH,Female,81,27284
CH,Female,82,26753
CH,Female,83,25745
CH,Female,84,24288
CH,Female,85,22709
CH,Female,86,21258
CH,Female,87,19500
CH,Female,88,18320
CH,Female,89,16009
CH,Female,90,14011
CH,Female,91,11948
CH,Female,92,10291
CH,Female,93,8641
CH,Female,94,6979
CH,Female,95,5339
CH,Female,96,3970
CH,Female,97,3038
CH,Female,98,2029
CH,Female,99,3245
ZH,Male,1,8618
ZH,Male,2,8635
ZH,Male,3,8662
ZH,Male,4,8434
ZH,Male,5,8097
ZH,Male,6,8060
ZH,Male,7,7928
ZH,Male,8,7868
ZH,Male,9,7749
ZH,Male,10,7653
ZH,Male,11,7526
ZH,Male,12,7169
ZH,Male,13,7160
ZH,Male,14,7044
ZH,Male,15,6866
ZH,Male,16,6957
ZH,Male,17,6706
ZH,Male,18,7264
ZH,Male,19,7254
ZH,Male,20,7431
ZH,Male,21,7640
ZH,Male,22,7746
ZH,Male,23,8035
ZH,Male,24,8239
ZH,Male,25,8829
ZH,Male,26,9611
ZH,Male,27,10256
ZH,Male,28,11064
ZH,Male,29,11454
ZH,Male,30,11935
ZH,Male,31,12220
ZH,Male,32,12434
ZH,Male,33,12528
ZH,Male,34,12543
ZH,Male,35,12486
ZH,Male,36,12691
ZH,Male,37,12737
ZH,Male,38,12848
ZH,Male,39,12291
ZH,Male,40,12046
ZH,Male,41,11739
ZH,Male,42,11531
ZH,Male,43,11467
ZH,Male,44,11394
ZH,Male,45,11251
ZH,Male,46,11354
ZH,Male,47,11556
ZH,Male,48,11863
ZH,Male,49,11973
ZH,Male,50,11966
ZH,Male,51,12038
ZH,Male,52,12020
ZH,Male,53,11939
ZH,Male,54,12022
ZH,Male,55,11508
ZH,Male,56,10734
ZH,Male,57,10382
ZH,Male,58,9749
ZH,Male,59,9302
ZH,Male,60,8846
ZH,Male,61,8483
ZH,Male,62,8205
ZH,Male,63,7674
ZH,Male,64,7410
ZH,Male,65,6898
ZH,Male,66,6917
ZH,Male,67,6388
ZH,Male,68,6686
ZH,Male,69,6238
ZH,Male,70,6298
ZH,Male,71,6343
ZH,Male,72,6283
ZH,Male,73,6086
ZH,Male,74,5912
ZH,Male,75,5642
ZH,Male,76,5303
ZH,Male,77,4874
ZH,Male,78,4214
ZH,Male,79,4044
ZH,Male,80,3696
ZH,Male,81,3393
ZH,Male,82,3342
ZH,Male,83,3037
ZH,Male,84,2920
ZH,Male,85,2472
ZH,Male,86,2251
ZH,Male,87,1937
ZH,Male,88,1736
ZH,Male,89,1432
ZH,Male,90,1149
ZH,Male,91,994
ZH,Male,92,720
ZH,Male,93,599
ZH,Male,94,434
ZH,Male,95,307
ZH,Male,96,219
ZH,Male,97,166
ZH,Male,98,101
ZH,Male,99,125
ZH,Female,1,8008
ZH,Female,2,8262
ZH,Female,3,7987
ZH,Female,4,8114
ZH,Female,5,7683
ZH,Female,6,7586
ZH,Female,7,7510
ZH,Female,8,7468
ZH,Female,9,7338
ZH,Female,10,7133
ZH,Female,11,6905
ZH,Female,12,6929
ZH,Female,13,6693
ZH,Female,14,6725
ZH,Female,15,6511
ZH,Female,16,6547
ZH,Female,17,6363
ZH,Female,18,6728
ZH,Female,19,6519
ZH,Female,20,6764
ZH,Female,21,6954
ZH,Female,22,7273
ZH,Female,23,7371
ZH,Female,24,8034
ZH,Female,25,8525
ZH,Female,26,9307
ZH,Female,27,10137
ZH,Female,28,10990
ZH,Female,29,11305
ZH,Female,30,11883
ZH,Female,31,12052
ZH,Female,32,12172
ZH,Female,33,12339
ZH,Female,34,12566
ZH,Female,35,12114
ZH,Female,36,12434
ZH,Female,37,12252
ZH,Female,38,12351
ZH,Female,39,11967
ZH,Female,40,11736
ZH,Female,41,11269
ZH,Female,42,11286
ZH,Female,43,10904
ZH,Female,44,10866
ZH,Female,45,10663
ZH,Female,46,10669
ZH,Female,47,11189
ZH,Female,48,11055
ZH,Female,49,11279
ZH,Female,50,11436
ZH,Female,51,11396
ZH,Female,52,11551
ZH,Female,53,11313
ZH,Female,54,11238
ZH,Female,55,10952
ZH,Female,56,10404
ZH,Female,57,9983
ZH,Female,58,9676
ZH,Female,59,9216
ZH,Female,60,8795
ZH,Female,61,8583
ZH,Female,62,8295
ZH,Female,63,8099
ZH,Female,64,7763
ZH,Female,65,7542
ZH,Female,66,7577
ZH,Female,67,7189
ZH,Female,68,7211
ZH,Female,69,7181
ZH,Female,70,7186
ZH,Female,71,7082
ZH,Female,72,7045
ZH,Female,73,6789
ZH,Female,74,6775
ZH,Female,75,6570
ZH,Female,76,6139
ZH,Female,77,5837
ZH,Female,78,5424
ZH,Female,79,5100
ZH,Female,80,5000
ZH,Female,81,4545
ZH,Female,82,4573
ZH,Female,83,4430
ZH,Female,84,4024
ZH,Female,85,3741
ZH,Female,86,3436
ZH,Female,87,3270
ZH,Female,88,3065
ZH,Female,89,2704
ZH,Female,90,2292
ZH,Female,91,1977
ZH,Female,92,1701
ZH,Female,93,1385
ZH,Female,94,1100
ZH,Female,95,850
ZH,Female,96,630
ZH,Female,97,477
ZH,Female,98,337
ZH,Female,99,471
BE,Male,1,5057
BE,Male,2,5288
BE,Male,3,5306
BE,Male,4,5165
BE,Male,5,5091
BE,Male,6,5175
BE,Male,7,4986
BE,Male,8,5179
BE,Male,9,5036
BE,Male,10,5020
BE,Male,11,4848
BE,Male,12,4847
BE,Male,13,4771
BE,Male,14,4774
BE,Male,15,4740
BE,Male,16,4809
BE,Male,17,4913
BE,Male,18,5222
BE,Male,19,5216
BE,Male,20,5378
BE,Male,21,5559
BE,Male,22,5767
BE,Male,23,5682
BE,Male,24,5858
BE,Male,25,6168
BE,Male,26,6338
BE,Male,27,6677
BE,Male,28,6706
BE,Male,29,6676
BE,Male,30,6993
BE,Male,31,6770
BE,Male,32,6873
BE,Male,33,6795
BE,Male,34,7054
BE,Male,35,6945
BE,Male,36,7054
BE,Male,37,7110
BE,Male,38,7005
BE,Male,39,6736
BE,Male,40,6710
BE,Male,41,6755
BE,Male,42,6572
BE,Male,43,6520
BE,Male,44,6726
BE,Male,45,6808
BE,Male,46,7060
BE,Male,47,7404
BE,Male,48,7514
BE,Male,49,7607
BE,Male,50,7885
BE,Male,51,7939
BE,Male,52,8007
BE,Male,53,8147
BE,Male,54,8204
BE,Male,55,8111
BE,Male,56,7837
BE,Male,57,7475
BE,Male,58,7377
BE,Male,59,7102
BE,Male,60,6996
BE,Male,61,6711
BE,Male,62,6801
BE,Male,63,6388
BE,Male,64,5983
BE,Male,65,5902
BE,Male,66,5857
BE,Male,67,5582
BE,Male,68,5749
BE,Male,69,5583
BE,Male,70,5688
BE,Male,71,5570
BE,Male,72,5487
BE,Male,73,5110
BE,Male,74,4952
BE,Male,75,4440
BE,Male,76,4481
BE,Male,77,3798
BE,Male,78,3324
BE,Male,79,3149
BE,Male,80,2965
BE,Male,81,2793
BE,Male,82,2656
BE,Male,83,2381
BE,Male,84,2188
BE,Male,85,2000
BE,Male,86,1842
BE,Male,87,1574
BE,Male,88,1318
BE,Male,89,1227
BE,Male,90,982
BE,Male,91,770
BE,Male,92,637
BE,Male,93,527
BE,Male,94,376
BE,Male,95,266
BE,Male,96,185
BE,Male,97,132
BE,Male,98,87
BE,Male,99,107
BE,Female,1,4885
BE,Female,2,4882
BE,Female,3,4938
BE,Female,4,4831
BE,Female,5,4832
BE,Female,6,4937
BE,Female,7,4884
BE,Female,8,4881
BE,Female,9,4774
BE,Female,10,4815
BE,Female,11,4747
BE,Female,12,4502
BE,Female,13,4633
BE,Female,14,4651
BE,Female,15,4552
BE,Female,16,4474
BE,Female,17,4546
BE,Female,18,4848
BE,Female,19,4950
BE,Female,20,5081
BE,Female,21,5209
BE,Female,22,5425
BE,Female,23,5605
BE,Female,24,5735
BE,Female,25,5780
BE,Female,26,6336
BE,Female,27,6421
BE,Female,28,6718
BE,Female,29,6769
BE,Female,30,7015
BE,Female,31,6766
BE,Female,32,6802
BE,Female,33,7013
BE,Female,34,6982
BE,Female,35,6996
BE,Female,36,7123
BE,Female,37,7077
BE,Female,38,7043
BE,Female,39,6855
BE,Female,40,6631
BE,Female,41,6651
BE,Female,42,6582
BE,Female,43,6496
BE,Female,44,6655
BE,Female,45,6702
BE,Female,46,7045
BE,Female,47,7190
BE,Female,48,7497
BE,Female,49,7843
BE,Female,50,7964
BE,Female,51,7973
BE,Female,52,8000
BE,Female,53,7963
BE,Female,54,8166
BE,Female,55,8144
BE,Female,56,7765
BE,Female,57,7756
BE,Female,58,7431
BE,Female,59,7239
BE,Female,60,7070
BE,Female,61,6927
BE,Female,62,6770
BE,Female,63,6510
BE,Female,64,6438
BE,Female,65,6283
BE,Female,66,5974
BE,Female,67,5911
BE,Female,68,6124
BE,Female,69,6008
BE,Female,70,6161
BE,Female,71,5991
BE,Female,72,6047
BE,Female,73,5707
BE,Female,74,5483
BE,Female,75,5229
BE,Female,76,4950
BE,Female,77,4652
BE,Female,78,4082
BE,Female,79,4113
BE,Female,80,3801
BE,Female,81,3730
BE,Female,82,3719
BE,Female,83,3456
BE,Female,84,3348
BE,Female,85,3215
BE,Female,86,2990
BE,Female,87,2749
BE,Female,88,2556
BE,Female,89,2228
BE,Female,90,2004
BE,Female,91,1780
BE,Female,92,1488
BE,Female,93,1253
BE,Female,94,983
BE,Female,95,771
BE,Female,96,550
BE,Female,97,438
BE,Female,98,269
BE,Female,99,451
LU,Male,1,2242
LU,Male,2,2199
LU,Male,3,2142
LU,Male,4,2231
LU,Male,5,2154
LU,Male,6,2215
LU,Male,7,2167
LU,Male,8,2099
LU,Male,9,2190
LU,Male,10,2203
LU,Male,11,2069
LU,Male,12,2035
LU,Male,13,2015
LU,Male,14,1992
LU,Male,15,1933
LU,Male,16,2049
LU,Male,17,2030
LU,Male,18,2152
LU,Male,19,2351
LU,Male,20,2294
LU,Male,21,2604
LU,Male,22,2606
LU,Male,23,2642
LU,Male,24,2652
LU,Male,25,2761
LU,Male,26,2861
LU,Male,27,2898
LU,Male,28,3041
LU,Male,29,2898
LU,Male,30,3051
LU,Male,31,2897
LU,Male,32,2979
LU,Male,33,2948
LU,Male,34,3041
LU,Male,35,2975
LU,Male,36,3032
LU,Male,37,2785
LU,Male,38,2856
LU,Male,39,2702
LU,Male,40,2771
LU,Male,41,2826
LU,Male,42,2709
LU,Male,43,2649
LU,Male,44,2610
LU,Male,45,2670
LU,Male,46,2866
LU,Male,47,2927
LU,Male,48,2971
LU,Male,49,3088
LU,Male,50,3046
LU,Male,51,3207
LU,Male,52,3177
LU,Male,53,3251
LU,Male,54,3469
LU,Male,55,3248
LU,Male,56,3095
LU,Male,57,2959
LU,Male,58,2931
LU,Male,59,2722
LU,Male,60,2752
LU,Male,61,2630
LU,Male,62,2543
LU,Male,63,2394
LU,Male,64,2165
LU,Male,65,2075
LU,Male,66,2071
LU,Male,67,1941
LU,Male,68,1977
LU,Male,69,1949
LU,Male,70,1920
LU,Male,71,1712
LU,Male,72,1725
LU,Male,73,1668
LU,Male,74,1625
LU,Male,75,1512
LU,Male,76,1309
LU,Male,77,1290
LU,Male,78,1214
LU,Male,79,1129
LU,Male,80,1074
LU,Male,81,1013
LU,Male,82,942
LU,Male,83,870
LU,Male,84,776
LU,Male,85,715
LU,Male,86,654
LU,Male,87,577
LU,Male,88,476
LU,Male,89,395
LU,Male,90,305
LU,Male,91,261
LU,Male,92,193
LU,Male,93,143
LU,Male,94,107
LU,Male,95,85
LU,Male,96,63
LU,Male,97,37
LU,Male,98,26
LU,Male,99,38
LU,Female,1,2089
LU,Female,2,2081
LU,Female,3,2088
LU,Female,4,1987
LU,Female,5,2011
LU,Female,6,2019
LU,Female,7,2067
LU,Female,8,2096
LU,Female,9,1961
LU,Female,10,1979
LU,Female,11,1979
LU,Female,12,1997
LU,Female,13,1842
LU,Female,14,1926
LU,Female,15,1826
LU,Female,16,1888
LU,Female,17,1829
LU,Female,18,2009
LU,Female,19,2162
LU,Female,20,2270
LU,Female,21,2307
LU,Female,22,2560
LU,Female,23,2497
LU,Female,24,2511
LU,Female,25,2675
LU,Female,26,2839
LU,Female,27,2883
LU,Female,28,3033
LU,Female,29,2905
LU,Female,30,2928
LU,Female,31,2920
LU,Female,32,2911
LU,Female,33,2832
LU,Female,34,2826
LU,Female,35,2789
LU,Female,36,2945
LU,Female,37,2727
LU,Female,38,2797
LU,Female,39,2720
LU,Female,40,2771
LU,Female,41,2606
LU,Female,42,2610
LU,Female,43,2656
LU,Female,44,2561
LU,Female,45,2654
LU,Female,46,2822
LU,Female,47,2861
LU,Female,48,2877
LU,Female,49,3124
LU,Female,50,3178
LU,Female,51,3140
LU,Female,52,3226
LU,Female,53,3180
LU,Female,54,3227
LU,Female,55,3132
LU,Female,56,3028
LU,Female,57,2935
LU,Female,58,2831
LU,Female,59,2782
LU,Female,60,2600
LU,Female,61,2554
LU,Female,62,2314
LU,Female,63,2238
LU,Female,64,2321
LU,Female,65,2083
LU,Female,66,2149
LU,Female,67,1992
LU,Female,68,2028
LU,Female,69,1977
LU,Female,70,1954
LU,Female,71,1887
LU,Female,72,1830
LU,Female,73,1784
LU,Female,74,1711
LU,Female,75,1656
LU,Female,76,1652
LU,Female,77,1538
LU,Female,78,1524
LU,Female,79,1404
LU,Female,80,1335
LU,Female,81,1281
LU,Female,82,1296
LU,Female,83,1257
LU,Female,84,1153
LU,Female,85,1114
LU,Female,86,984
LU,Female,87,924
LU,Female,88,840
LU,Female,89,715
LU,Female,90,667
LU,Female,91,526
LU,Female,92,393
LU,Female,93,364
LU,Female,94,306
LU,Female,95,221
LU,Female,96,153
LU,Female,97,128
LU,Female,98,73
LU,Female,99,134
UR,Male,1,190
UR,Male,2,166
UR,Male,3,169
UR,Male,4,163
UR,Male,5,179
UR,Male,6,203
UR,Male,7,179
UR,Male,8,201
UR,Male,9,199
UR,Male,10,194
UR,Male,11,178
UR,Male,12,207
UR,Male,13,197
UR,Male,14,180
UR,Male,15,187
UR,Male,16,193
UR,Male,17,217
UR,Male,18,226
UR,Male,19,203
UR,Male,20,230
UR,Male,21,239
UR,Male,22,204
UR,Male,23,228
UR,Male,24,232
UR,Male,25,230
UR,Male,26,237
UR,Male,27,226
UR,Male,28,272
UR,Male,29,245
UR,Male,30,212
UR,Male,31,232
UR,Male,32,252
UR,Male,33,217
UR,Male,34,248
UR,Male,35,209
UR,Male,36,226
UR,Male,37,214
UR,Male,38,236
UR,Male,39,232
UR,Male,40,221
UR,Male,41,229
UR,Male,42,236
UR,Male,43,232
UR,Male,44,246
UR,Male,45,271
UR,Male,46,249
UR,Male,47,250
UR,Male,48,266
UR,Male,49,282
UR,Male,50,281
UR,Male,51,283
UR,Male,52,301
UR,Male,53,297
UR,Male,54,318
UR,Male,55,291
UR,Male,56,263
UR,Male,57,269
UR,Male,58,272
UR,Male,59,269
UR,Male,60,271
UR,Male,61,244
UR,Male,62,262
UR,Male,63,226
UR,Male,64,249
UR,Male,65,237
UR,Male,66,252
UR,Male,67,209
UR,Male,68,224
UR,Male,69,209
UR,Male,70,218
UR,Male,71,178
UR,Male,72,189
UR,Male,73,179
UR,Male,74,187
UR,Male,75,153
UR,Male,76,167
UR,Male,77,129
UR,Male,78,125
UR,Male,79,111
UR,Male,80,121
UR,Male,81,101
UR,Male,82,81
UR,Male,83,93
UR,Male,84,74
UR,Male,85,64
UR,Male,86,74
UR,Male,87,58
UR,Male,88,55
UR,Male,89,42
UR,Male,90,35
UR,Male,91,32
UR,Male,92,26
UR,Male,93,17
UR,Male,94,18
UR,Male,95,8
UR,Male,96,12
UR,Male,97,7
UR,Male,98,1
UR,Male,99,6
UR,Female,1,164
UR,Female,2,174
UR,Female,3,178
UR,Female,4,175
UR,Female,5,159
UR,Female,6,181
UR,Female,7,160
UR,Female,8,182
UR,Female,9,174
UR,Female,10,161
UR,Female,11,169
UR,Female,12,171
UR,Female,13,163
UR,Female,14,190
UR,Female,15,170
UR,Female,16,196
UR,Female,17,158
UR,Female,18,191
UR,Female,19,190
UR,Female,20,192
UR,Female,21,201
UR,Female,22,226
UR,Female,23,200
UR,Female,24,218
UR,Female,25,225
UR,Female,26,227
UR,Female,27,237
UR,Female,28,216
UR,Female,29,206
UR,Female,30,213
UR,Female,31,228
UR,Female,32,225
UR,Female,33,220
UR,Female,34,222
UR,Female,35,194
UR,Female,36,203
UR,Female,37,194
UR,Female,38,226
UR,Female,39,211
UR,Female,40,219
UR,Female,41,226
UR,Female,42,212
UR,Female,43,208
UR,Female,44,248
UR,Female,45,222
UR,Female,46,249
UR,Female,47,245
UR,Female,48,260
UR,Female,49,259
UR,Female,50,276
UR,Female,51,237
UR,Female,52,277
UR,Female,53,269
UR,Female,54,280
UR,Female,55,257
UR,Female,56,288
UR,Female,57,237
UR,Female,58,252
UR,Female,59,253
UR,Female,60,265
UR,Female,61,235
UR,Female,62,253
UR,Female,63,223
UR,Female,64,202
UR,Female,65,206
UR,Female,66,223
UR,Female,67,206
UR,Female,68,202
UR,Female,69,181
UR,Female,70,188
UR,Female,71,192
UR,Female,72,182
UR,Female,73,216
UR,Female,74,174
UR,Female,75,187
UR,Female,76,166
UR,Female,77,152
UR,Female,78,147
UR,Female,79,122
UR,Female,80,140
UR,Female,81,119
UR,Female,82,106
UR,Female,83,113
UR,Female,84,94
UR,Female,85,104
UR,Female,86,107
UR,Female,87,74
UR,Female,88,86
UR,Female,89,70
UR,Female,90,46
UR,Female,91,31
UR,Female,92,52
UR,Female,93,45
UR,Female,94,30
UR,Female,95,27
UR,Female,96,17
UR,Female,97,11
UR,Female,98,4
UR,Female,99,15
SZ,Male,1,762
SZ,Male,2,802
SZ,Male,3,810
SZ,Male,4,798
SZ,Male,5,752
SZ,Male,6,826
SZ,Male,7,728
SZ,Male,8,763
SZ,Male,9,757
SZ,Male,10,827
SZ,Male,11,759
SZ,Male,12,759
SZ,Male,13,788
SZ,Male,14,803
SZ,Male,15,749
SZ,Male,16,766
SZ,Male,17,779
SZ,Male,18,861
SZ,Male,19,856
SZ,Male,20,874
SZ,Male,21,877
SZ,Male,22,909
SZ,Male,23,947
SZ,Male,24,949
SZ,Male,25,1003
SZ,Male,26,996
SZ,Male,27,1053
SZ,Male,28,1026
SZ,Male,29,998
SZ,Male,30,999
SZ,Male,31,1066
SZ,Male,32,1073
SZ,Male,33,1113
SZ,Male,34,1020
SZ,Male,35,1075
SZ,Male,36,1110
SZ,Male,37,1104
SZ,Male,38,1120
SZ,Male,39,1115
SZ,Male,40,1117
SZ,Male,41,1032
SZ,Male,42,1087
SZ,Male,43,1104
SZ,Male,44,1174
SZ,Male,45,1147
SZ,Male,46,1193
SZ,Male,47,1295
SZ,Male,48,1275
SZ,Male,49,1318
SZ,Male,50,1382
SZ,Male,51,1445
SZ,Male,52,1475
SZ,Male,53,1525
SZ,Male,54,1508
SZ,Male,55,1385
SZ,Male,56,1434
SZ,Male,57,1324
SZ,Male,58,1255
SZ,Male,59,1234
SZ,Male,60,1245
SZ,Male,61,1167
SZ,Male,62,1053
SZ,Male,63,982
SZ,Male,64,1018
SZ,Male,65,944
SZ,Male,66,873
SZ,Male,67,840
SZ,Male,68,874
SZ,Male,69,817
SZ,Male,70,825
SZ,Male,71,780
SZ,Male,72,780
SZ,Male,73,702
SZ,Male,74,677
SZ,Male,75,651
SZ,Male,76,566
SZ,Male,77,547
SZ,Male,78,486
SZ,Male,79,425
SZ,Male,80,405
SZ,Male,81,408
SZ,Male,82,349
SZ,Male,83,329
SZ,Male,84,317
SZ,Male,85,258
SZ,Male,86,253
SZ,Male,87,195
SZ,Male,88,181
SZ,Male,89,146
SZ,Male,90,113
SZ,Male,91,88
SZ,Male,92,67
SZ,Male,93,59
SZ,Male,94,28
SZ,Male,95,27
SZ,Male,96,24
SZ,Male,97,16
SZ,Male,98,12
SZ,Male,99,10
SZ,Female,1,741
SZ,Female,2,774
SZ,Female,3,800
SZ,Female,4,698
SZ,Female,5,767
SZ,Female,6,779
SZ,Female,7,723
SZ,Female,8,727
SZ,Female,9,766
SZ,Female,10,751
SZ,Female,11,711
SZ,Female,12,719
SZ,Female,13,718
SZ,Female,14,696
SZ,Female,15,731
SZ,Female,16,739
SZ,Female,17,707
SZ,Female,18,808
SZ,Female,19,778
SZ,Female,20,793
SZ,Female,21,881
SZ,Female,22,906
SZ,Female,23,882
SZ,Female,24,881
SZ,Female,25,905
SZ,Female,26,882
SZ,Female,27,927
SZ,Female,28,933
SZ,Female,29,986
SZ,Female,30,991
SZ,Female,31,949
SZ,Female,32,976
SZ,Female,33,982
SZ,Female,34,1038
SZ,Female,35,994
SZ,Female,36,1039
SZ,Female,37,1012
SZ,Female,38,1041
SZ,Female,39,1082
SZ,Female,40,974
SZ,Female,41,1032
SZ,Female,42,1032
SZ,Female,43,1020
SZ,Female,44,1047
SZ,Female,45,1118
SZ,Female,46,1134
SZ,Female,47,1178
SZ,Female,48,1158
SZ,Female,49,1264
SZ,Female,50,1198
SZ,Female,51,1367
SZ,Female,52,1308
SZ,Female,53,1290
SZ,Female,54,1342
SZ,Female,55,1311
SZ,Female,56,1242
SZ,Female,57,1222
SZ,Female,58,1126
SZ,Female,59,1097
SZ,Female,60,1026
SZ,Female,61,1038
SZ,Female,62,931
SZ,Female,63,963
SZ,Female,64,853
SZ,Female,65,882
SZ,Female,66,813
SZ,Female,67,787
SZ,Female,68,842
SZ,Female,69,801
SZ,Female,70,799
SZ,Female,71,724
SZ,Female,72,742
SZ,Female,73,687
SZ,Female,74,618
SZ,Female,75,646
SZ,Female,76,575
SZ,Female,77,592
SZ,Female,78,495
SZ,Female,79,495
SZ,Female,80,452
SZ,Female,81,442
SZ,Female,82,445
SZ,Female,83,428
SZ,Female,84,425
SZ,Female,85,400
SZ,Female,86,357
SZ,Female,87,289
SZ,Female,88,258
SZ,Female,89,236
SZ,Female,90,232
SZ,Female,91,184
SZ,Female,92,142
SZ,Female,93,103
SZ,Female,94,100
SZ,Female,95,71
SZ,Female,96,37
SZ,Female,97,28
SZ,Female,98,35
SZ,Female,99,37
OW,Male,1,192
OW,Male,2,199
OW,Male,3,181
OW,Male,4,196
OW,Male,5,186
OW,Male,6,188
OW,Male,7,215
OW,Male,8,197
OW,Male,9,207
OW,Male,10,180
OW,Male,11,212
OW,Male,12,185
OW,Male,13,167
OW,Male,14,191
OW,Male,15,178
OW,Male,16,185
OW,Male,17,178
OW,Male,18,221
OW,Male,19,208
OW,Male,20,220
OW,Male,21,231
OW,Male,22,212
OW,Male,23,228
OW,Male,24,233
OW,Male,25,237
OW,Male,26,249
OW,Male,27,237
OW,Male,28,254
OW,Male,29,253
OW,Male,30,255
OW,Male,31,232
OW,Male,32,243
OW,Male,33,274
OW,Male,34,237
OW,Male,35,205
OW,Male,36,221
OW,Male,37,253
OW,Male,38,268
OW,Male,39,244
OW,Male,40,238
OW,Male,41,231
OW,Male,42,251
OW,Male,43,268
OW,Male,44,240
OW,Male,45,242
OW,Male,46,283
OW,Male,47,290
OW,Male,48,274
OW,Male,49,279
OW,Male,50,317
OW,Male,51,307
OW,Male,52,364
OW,Male,53,356
OW,Male,54,310
OW,Male,55,323
OW,Male,56,289
OW,Male,57,305
OW,Male,58,311
OW,Male,59,293
OW,Male,60,259
OW,Male,61,276
OW,Male,62,259
OW,Male,63,253
OW,Male,64,252
OW,Male,65,226
OW,Male,66,209
OW,Male,67,221
OW,Male,68,225
OW,Male,69,194
OW,Male,70,212
OW,Male,71,189
OW,Male,72,197
OW,Male,73,192
OW,Male,74,151
OW,Male,75,164
OW,Male,76,132
OW,Male,77,132
OW,Male,78,119
OW,Male,79,130
OW,Male,80,108
OW,Male,81,96
OW,Male,82,80
OW,Male,83,71
OW,Male,84,86
OW,Male,85,67
OW,Male,86,49
OW,Male,87,65
OW,Male,88,35
OW,Male,89,39
OW,Male,90,26
OW,Male,91,25
OW,Male,92,20
OW,Male,93,18
OW,Male,94,9
OW,Male,95,9
OW,Male,96,3
OW,Male,97,3
OW,Male,98,2
OW,Male,99,4
OW,Female,1,189
OW,Female,2,178
OW,Female,3,190
OW,Female,4,205
OW,Female,5,170
OW,Female,6,199
OW,Female,7,176
OW,Female,8,183
OW,Female,9,183
OW,Female,10,194
OW,Female,11,193
OW,Female,12,172
OW,Female,13,181
OW,Female,14,193
OW,Female,15,173
OW,Female,16,188
OW,Female,17,192
OW,Female,18,187
OW,Female,19,195
OW,Female,20,195
OW,Female,21,191
OW,Female,22,214
OW,Female,23,236
OW,Female,24,193
OW,Female,25,219
OW,Female,26,226
OW,Female,27,228
OW,Female,28,240
OW,Female,29,236
OW,Female,30,230
OW,Female,31,224
OW,Female,32,230
OW,Female,33,236
OW,Female,34,210
OW,Female,35,234
OW,Female,36,263
OW,Female,37,256
OW,Female,38,262
OW,Female,39,218
OW,Female,40,227
OW,Female,41,239
OW,Female,42,238
OW,Female,43,227
OW,Female,44,221
OW,Female,45,247
OW,Female,46,264
OW,Female,47,267
OW,Female,48,283
OW,Female,49,304
OW,Female,50,302
OW,Female,51,312
OW,Female,52,297
OW,Female,53,273
OW,Female,54,313
OW,Female,55,300
OW,Female,56,319
OW,Female,57,265
OW,Female,58,294
OW,Female,59,238
OW,Female,60,273
OW,Female,61,265
OW,Female,62,230
OW,Female,63,231
OW,Female,64,229
OW,Female,65,213
OW,Female,66,199
OW,Female,67,223
OW,Female,68,198
OW,Female,69,226
OW,Female,70,176
OW,Female,71,178
OW,Female,72,192
OW,Female,73,186
OW,Female,74,157
OW,Female,75,143
OW,Female,76,135
OW,Female,77,140
OW,Female,78,108
OW,Female,79,133
OW,Female,80,125
OW,Female,81,118
OW,Female,82,78
OW,Female,83,85
OW,Female,84,97
OW,Female,85,112
OW,Female,86,95
OW,Female,87,72
OW,Female,88,75
OW,Female,89,70
OW,Female,90,63
OW,Female,91,45
OW,Female,92,38
OW,Female,93,28
OW,Female,94,29
OW,Female,95,30
OW,Female,96,14
OW,Female,97,9
OW,Female,98,6
OW,Female,99,9
NW,Male,1,219
NW,Male,2,222
NW,Male,3,238
NW,Male,4,184
NW,Male,5,178
NW,Male,6,197
NW,Male,7,195
NW,Male,8,204
NW,Male,9,173
NW,Male,10,203
NW,Male,11,196
NW,Male,12,204
NW,Male,13,190
NW,Male,14,210
NW,Male,15,206
NW,Male,16,225
NW,Male,17,183
NW,Male,18,219
NW,Male,19,235
NW,Male,20,246
NW,Male,21,225
NW,Male,22,253
NW,Male,23,249
NW,Male,24,265
NW,Male,25,296
NW,Male,26,274
NW,Male,27,292
NW,Male,28,271
NW,Male,29,287
NW,Male,30,325
NW,Male,31,260
NW,Male,32,299
NW,Male,33,317
NW,Male,34,286
NW,Male,35,282
NW,Male,36,239
NW,Male,37,287
NW,Male,38,287
NW,Male,39,285
NW,Male,40,252
NW,Male,41,253
NW,Male,42,279
NW,Male,43,278
NW,Male,44,289
NW,Male,45,260
NW,Male,46,298
NW,Male,47,288
NW,Male,48,314
NW,Male,49,320
NW,Male,50,394
NW,Male,51,361
NW,Male,52,386
NW,Male,53,412
NW,Male,54,423
NW,Male,55,382
NW,Male,56,390
NW,Male,57,343
NW,Male,58,362
NW,Male,59,365
NW,Male,60,337
NW,Male,61,344
NW,Male,62,327
NW,Male,63,289
NW,Male,64,289
NW,Male,65,296
NW,Male,66,257
NW,Male,67,238
NW,Male,68,259
NW,Male,69,278
NW,Male,70,265
NW,Male,71,266
NW,Male,72,243
NW,Male,73,221
NW,Male,74,234
NW,Male,75,215
NW,Male,76,190
NW,Male,77,160
NW,Male,78,153
NW,Male,79,129
NW,Male,80,109
NW,Male,81,104
NW,Male,82,109
NW,Male,83,101
NW,Male,84,78
NW,Male,85,87
NW,Male,86,59
NW,Male,87,63
NW,Male,88,52
NW,Male,89,40
NW,Male,90,40
NW,Male,91,28
NW,Male,92,33
NW,Male,93,16
NW,Male,94,15
NW,Male,95,7
NW,Male,96,10
NW,Male,97,2
NW,Male,98,1
NW,Male,99,7
NW,Female,1,197
NW,Female,2,166
NW,Female,3,191
NW,Female,4,179
NW,Female,5,209
NW,Female,6,188
NW,Female,7,181
NW,Female,8,187
NW,Female,9,181
NW,Female,10,195
NW,Female,11,176
NW,Female,12,188
NW,Female,13,192
NW,Female,14,176
NW,Female,15,189
NW,Female,16,170
NW,Female,17,181
NW,Female,18,210
NW,Female,19,183
NW,Female,20,202
NW,Female,21,228
NW,Female,22,210
NW,Female,23,224
NW,Female,24,237
NW,Female,25,237
NW,Female,26,283
NW,Female,27,240
NW,Female,28,273
NW,Female,29,253
NW,Female,30,257
NW,Female,31,250
NW,Female,32,246
NW,Female,33,256
NW,Female,34,254
NW,Female,35,261
NW,Female,36,263
NW,Female,37,281
NW,Female,38,267
NW,Female,39,253
NW,Female,40,259
NW,Female,41,266
NW,Female,42,259
NW,Female,43,254
NW,Female,44,297
NW,Female,45,269
NW,Female,46,299
NW,Female,47,338
NW,Female,48,303
NW,Female,49,341
NW,Female,50,345
NW,Female,51,379
NW,Female,52,365
NW,Female,53,357
NW,Female,54,366
NW,Female,55,317
NW,Female,56,349
NW,Female,57,360
NW,Female,58,329
NW,Female,59,335
NW,Female,60,297
NW,Female,61,283
NW,Female,62,284
NW,Female,63,247
NW,Female,64,268
NW,Female,65,271
NW,Female,66,244
NW,Female,67,245
NW,Female,68,270
NW,Female,69,229
NW,Female,70,252
NW,Female,71,256
NW,Female,72,222
NW,Female,73,221
NW,Female,74,248
NW,Female,75,194
NW,Female,76,198
NW,Female,77,178
NW,Female,78,158
NW,Female,79,139
NW,Female,80,135
NW,Female,81,122
NW,Female,82,150
NW,Female,83,134
NW,Female,84,96
NW,Female,85,111
NW,Female,86,88
NW,Female,87,80
NW,Female,88,76
NW,Female,89,69
NW,Female,90,60
NW,Female,91,49
NW,Female,92,56
NW,Female,93,28
NW,Female,94,27
NW,Female,95,21
NW,Female,96,13
NW,Female,97,23
NW,Female,98,11
NW,Female,99,9
GL,Male,1,190
GL,Male,2,205
GL,Male,3,210
GL,Male,4,206
GL,Male,5,212
GL,Male,6,182
GL,Male,7,200
GL,Male,8,181
GL,Male,9,170
GL,Male,10,182
GL,Male,11,214
GL,Male,12,197
GL,Male,13,196
GL,Male,14,166
GL,Male,15,210
GL,Male,16,183
GL,Male,17,218
GL,Male,18,211
GL,Male,19,210
GL,Male,20,253
GL,Male,21,259
GL,Male,22,254
GL,Male,23,239
GL,Male,24,281
GL,Male,25,265
GL,Male,26,268
GL,Male,27,299
GL,Male,28,267
GL,Male,29,302
GL,Male,30,318
GL,Male,31,266
GL,Male,32,274
GL,Male,33,274
GL,Male,34,318
GL,Male,35,309
GL,Male,36,289
GL,Male,37,274
GL,Male,38,291
GL,Male,39,257
GL,Male,40,266
GL,Male,41,259
GL,Male,42,228
GL,Male,43,251
GL,Male,44,246
GL,Male,45,269
GL,Male,46,274
GL,Male,47,273
GL,Male,48,290
GL,Male,49,283
GL,Male,50,304
GL,Male,51,294
GL,Male,52,304
GL,Male,53,347
GL,Male,54,332
GL,Male,55,327
GL,Male,56,335
GL,Male,57,317
GL,Male,58,288
GL,Male,59,299
GL,Male,60,313
GL,Male,61,276
GL,Male,62,294
GL,Male,63,287
GL,Male,64,291
GL,Male,65,233
GL,Male,66,269
GL,Male,67,238
GL,Male,68,215
GL,Male,69,226
GL,Male,70,252
GL,Male,71,205
GL,Male,72,194
GL,Male,73,182
GL,Male,74,179
GL,Male,75,171
GL,Male,76,157
GL,Male,77,156
GL,Male,78,125
GL,Male,79,137
GL,Male,80,113
GL,Male,81,99
GL,Male,82,113
GL,Male,83,86
GL,Male,84,86
GL,Male,85,69
GL,Male,86,75
GL,Male,87,64
GL,Male,88,51
GL,Male,89,40
GL,Male,90,16
GL,Male,91,33
GL,Male,92,21
GL,Male,93,20
GL,Male,94,17
GL,Male,95,16
GL,Male,96,8
GL,Male,97,5
GL,Male,98,3
GL,Male,99,2
GL,Female,1,190
GL,Female,2,206
GL,Female,3,204
GL,Female,4,183
GL,Female,5,191
GL,Female,6,190
GL,Female,7,178
GL,Female,8,178
GL,Female,9,192
GL,Female,10,189
GL,Female,11,171
GL,Female,12,191
GL,Female,13,182
GL,Female,14,188
GL,Female,15,183
GL,Female,16,178
GL,Female,17,174
GL,Female,18,206
GL,Female,19,184
GL,Female,20,207
GL,Female,21,214
GL,Female,22,235
GL,Female,23,217
GL,Female,24,265
GL,Female,25,235
GL,Female,26,249
GL,Female,27,236
GL,Female,28,244
GL,Female,29,264
GL,Female,30,256
GL,Female,31,270
GL,Female,32,262
GL,Female,33,262
GL,Female,34,238
GL,Female,35,275
GL,Female,36,248
GL,Female,37,271
GL,Female,38,261
GL,Female,39,232
GL,Female,40,238
GL,Female,41,234
GL,Female,42,226
GL,Female,43,255
GL,Female,44,246
GL,Female,45,247
GL,Female,46,250
GL,Female,47,247
GL,Female,48,261
GL,Female,49,270
GL,Female,50,290
GL,Female,51,294
GL,Female,52,311
GL,Female,53,331
GL,Female,54,336
GL,Female,55,309
GL,Female,56,342
GL,Female,57,285
GL,Female,58,308
GL,Female,59,307
GL,Female,60,285
GL,Female,61,274
GL,Female,62,234
GL,Female,63,251
GL,Female,64,237
GL,Female,65,245
GL,Female,66,224
GL,Female,67,244
GL,Female,68,226
GL,Female,69,249
GL,Female,70,197
GL,Female,71,181
GL,Female,72,215
GL,Female,73,195
GL,Female,74,209
GL,Female,75,176
GL,Female,76,187
GL,Female,77,174
GL,Female,78,138
GL,Female,79,135
GL,Female,80,151
GL,Female,81,133
GL,Female,82,148
GL,Female,83,120
GL,Female,84,116
GL,Female,85,123
GL,Female,86,111
GL,Female,87,116
GL,Female,88,97
GL,Female,89,76
GL,Female,90,78
GL,Female,91,68
GL,Female,92,53
GL,Female,93,49
GL,Female,94,41
GL,Female,95,26
GL,Female,96,15
GL,Female,97,20
GL,Female,98,5
GL,Female,99,18
ZG,Male,1,632
ZG,Male,2,706
ZG,Male,3,680
ZG,Male,4,701
ZG,Male,5,647
ZG,Male,6,636
ZG,Male,7,647
ZG,Male,8,678
ZG,Male,9,658
ZG,Male,10,638
ZG,Male,11,637
ZG,Male,12,679
ZG,Male,13,602
ZG,Male,14,670
ZG,Male,15,653
ZG,Male,16,600
ZG,Male,17,642
ZG,Male,18,680
ZG,Male,19,635
ZG,Male,20,620
ZG,Male,21,648
ZG,Male,22,647
ZG,Male,23,646
ZG,Male,24,680
ZG,Male,25,684
ZG,Male,26,700
ZG,Male,27,747
ZG,Male,28,784
ZG,Male,29,858
ZG,Male,30,841
ZG,Male,31,822
ZG,Male,32,921
ZG,Male,33,853
ZG,Male,34,911
ZG,Male,35,923
ZG,Male,36,934
ZG,Male,37,955
ZG,Male,38,976
ZG,Male,39,938
ZG,Male,40,917
ZG,Male,41,900
ZG,Male,42,970
ZG,Male,43,890
ZG,Male,44,943
ZG,Male,45,967
ZG,Male,46,1040
ZG,Male,47,1083
ZG,Male,48,1051
ZG,Male,49,1126
ZG,Male,50,1139
ZG,Male,51,1089
ZG,Male,52,1211
ZG,Male,53,1153
ZG,Male,54,1141
ZG,Male,55,1098
ZG,Male,56,1028
ZG,Male,57,1024
ZG,Male,58,981
ZG,Male,59,900
ZG,Male,60,885
ZG,Male,61,830
ZG,Male,62,730
ZG,Male,63,755
ZG,Male,64,720
ZG,Male,65,659
ZG,Male,66,620
ZG,Male,67,575
ZG,Male,68,615
ZG,Male,69,591
ZG,Male,70,537
ZG,Male,71,557
ZG,Male,72,556
ZG,Male,73,554
ZG,Male,74,525
ZG,Male,75,482
ZG,Male,76,442
ZG,Male,77,481
ZG,Male,78,396
ZG,Male,79,357
ZG,Male,80,314
ZG,Male,81,267
ZG,Male,82,259
ZG,Male,83,268
ZG,Male,84,223
ZG,Male,85,167
ZG,Male,86,162
ZG,Male,87,161
ZG,Male,88,131
ZG,Male,89,97
ZG,Male,90,98
ZG,Male,91,75
ZG,Male,92,60
ZG,Male,93,33
ZG,Male,94,26
ZG,Male,95,25
ZG,Male,96,7
ZG,Male,97,7
ZG,Male,98,0
ZG,Male,99,3
ZG,Female,1,627
ZG,Female,2,680
ZG,Female,3,641
ZG,Female,4,641
ZG,Female,5,636
ZG,Female,6,608
ZG,Female,7,597
ZG,Female,8,639
ZG,Female,9,629
ZG,Female,10,640
ZG,Female,11,615
ZG,Female,12,633
ZG,Female,13,618
ZG,Female,14,553
ZG,Female,15,626
ZG,Female,16,559
ZG,Female,17,594
ZG,Female,18,655
ZG,Female,19,571
ZG,Female,20,566
ZG,Female,21,602
ZG,Female,22,570
ZG,Female,23,602
ZG,Female,24,638
ZG,Female,25,620
ZG,Female,26,711
ZG,Female,27,718
ZG,Female,28,744
ZG,Female,29,767
ZG,Female,30,798
ZG,Female,31,853
ZG,Female,32,896
ZG,Female,33,827
ZG,Female,34,906
ZG,Female,35,891
ZG,Female,36,939
ZG,Female,37,907
ZG,Female,38,916
ZG,Female,39,882
ZG,Female,40,873
ZG,Female,41,920
ZG,Female,42,956
ZG,Female,43,914
ZG,Female,44,958
ZG,Female,45,990
ZG,Female,46,955
ZG,Female,47,1022
ZG,Female,48,983
ZG,Female,49,1061
ZG,Female,50,1022
ZG,Female,51,1021
ZG,Female,52,1015
ZG,Female,53,1007
ZG,Female,54,1047
ZG,Female,55,1074
ZG,Female,56,896
ZG,Female,57,893
ZG,Female,58,899
ZG,Female,59,859
ZG,Female,60,737
ZG,Female,61,779
ZG,Female,62,698
ZG,Female,63,673
ZG,Female,64,690
ZG,Female,65,660
ZG,Female,66,654
ZG,Female,67,576
ZG,Female,68,596
ZG,Female,69,583
ZG,Female,70,591
ZG,Female,71,626
ZG,Female,72,587
ZG,Female,73,558
ZG,Female,74,536
ZG,Female,75,503
ZG,Female,76,483
ZG,Female,77,470
ZG,Female,78,424
ZG,Female,79,414
ZG,Female,80,405
ZG,Female,81,387
ZG,Female,82,359
ZG,Female,83,333
ZG,Female,84,320
ZG,Female,85,301
ZG,Female,86,234
ZG,Female,87,217
ZG,Female,88,220
ZG,Female,89,206
ZG,Female,90,171
ZG,Female,91,135
ZG,Female,92,103
ZG,Female,93,85
ZG,Female,94,70
ZG,Female,95,56
ZG,Female,96,28
ZG,Female,97,20
ZG,Female,98,16
ZG,Female,99,27
FR,Male,1,1740
FR,Male,2,1833
FR,Male,3,1816
FR,Male,4,1819
FR,Male,5,1799
FR,Male,6,1822
FR,Male,7,1788
FR,Male,8,1853
FR,Male,9,1836
FR,Male,10,1856
FR,Male,11,1781
FR,Male,12,1775
FR,Male,13,1754
FR,Male,14,1756
FR,Male,15,1776
FR,Male,16,1766
FR,Male,17,1825
FR,Male,18,1941
FR,Male,19,1927
FR,Male,20,1984
FR,Male,21,2076
FR,Male,22,2104
FR,Male,23,2063
FR,Male,24,2158
FR,Male,25,2143
FR,Male,26,2220
FR,Male,27,2250
FR,Male,28,2297
FR,Male,29,2189
FR,Male,30,2251
FR,Male,31,2171
FR,Male,32,2179
FR,Male,33,2225
FR,Male,34,2188
FR,Male,35,2191
FR,Male,36,2214
FR,Male,37,2194
FR,Male,38,2215
FR,Male,39,2140
FR,Male,40,2147
FR,Male,41,2192
FR,Male,42,2136
FR,Male,43,2180
FR,Male,44,2279
FR,Male,45,2280
FR,Male,46,2397
FR,Male,47,2347
FR,Male,48,2466
FR,Male,49,2460
FR,Male,50,2459
FR,Male,51,2509
FR,Male,52,2587
FR,Male,53,2581
FR,Male,54,2581
FR,Male,55,2477
FR,Male,56,2343
FR,Male,57,2273
FR,Male,58,2214
FR,Male,59,2002
FR,Male,60,2024
FR,Male,61,1994
FR,Male,62,1790
FR,Male,63,1728
FR,Male,64,1609
FR,Male,65,1514
FR,Male,66,1502
FR,Male,67,1490
FR,Male,68,1497
FR,Male,69,1370
FR,Male,70,1420
FR,Male,71,1380
FR,Male,72,1336
FR,Male,73,1253
FR,Male,74,1184
FR,Male,75,1123
FR,Male,76,1061
FR,Male,77,926
FR,Male,78,797
FR,Male,79,724
FR,Male,80,674
FR,Male,81,642
FR,Male,82,595
FR,Male,83,506
FR,Male,84,471
FR,Male,85,435
FR,Male,86,404
FR,Male,87,351
FR,Male,88,252
FR,Male,89,211
FR,Male,90,192
FR,Male,91,152
FR,Male,92,130
FR,Male,93,100
FR,Male,94,75
FR,Male,95,51
FR,Male,96,33
FR,Male,97,24
FR,Male,98,11
FR,Male,99,18
FR,Female,1,1636
FR,Female,2,1699
FR,Female,3,1663
FR,Female,4,1724
FR,Female,5,1565
FR,Female,6,1620
FR,Female,7,1764
FR,Female,8,1769
FR,Female,9,1760
FR,Female,10,1694
FR,Female,11,1731
FR,Female,12,1723
FR,Female,13,1681
FR,Female,14,1720
FR,Female,15,1745
FR,Female,16,1661
FR,Female,17,1767
FR,Female,18,1809
FR,Female,19,1770
FR,Female,20,1842
FR,Female,21,1912
FR,Female,22,1969
FR,Female,23,2092
FR,Female,24,1972
FR,Female,25,2074
FR,Female,26,2158
FR,Female,27,2182
FR,Female,28,2180
FR,Female,29,2172
FR,Female,30,2175
FR,Female,31,2064
FR,Female,32,2134
FR,Female,33,2118
FR,Female,34,2161
FR,Female,35,2129
FR,Female,36,2160
FR,Female,37,2176
FR,Female,38,2187
FR,Female,39,2163
FR,Female,40,2054
FR,Female,41,2168
FR,Female,42,2145
FR,Female,43,2099
FR,Female,44,2224
FR,Female,45,2330
FR,Female,46,2356
FR,Female,47,2401
FR,Female,48,2340
FR,Female,49,2479
FR,Female,50,2527
FR,Female,51,2501
FR,Female,52,2479
FR,Female,53,2482
FR,Female,54,2467
FR,Female,55,2373
FR,Female,56,2216
FR,Female,57,2252
FR,Female,58,2055
FR,Female,59,1982
FR,Female,60,1928
FR,Female,61,1770
FR,Female,62,1760
FR,Female,63,1662
FR,Female,64,1642
FR,Female,65,1497
FR,Female,66,1601
FR,Female,67,1481
FR,Female,68,1466
FR,Female,69,1419
FR,Female,70,1467
FR,Female,71,1425
FR,Female,72,1492
FR,Female,73,1352
FR,Female,74,1276
FR,Female,75,1213
FR,Female,76,1097
FR,Female,77,1063
FR,Female,78,886
FR,Female,79,922
FR,Female,80,849
FR,Female,81,743
FR,Female,82,745
FR,Female,83,753
FR,Female,84,691
FR,Female,85,632
FR,Female,86,605
FR,Female,87,500
FR,Female,88,478
FR,Female,89,444
FR,Female,90,363
FR,Female,91,346
FR,Female,92,294
FR,Female,93,197
FR,Female,94,194
FR,Female,95,143
FR,Female,96,120
FR,Female,97,90
FR,Female,98,55
FR,Female,99,88
SO,Male,1,1337
SO,Male,2,1352
SO,Male,3,1296
SO,Male,4,1316
SO,Male,5,1297
SO,Male,6,1374
SO,Male,7,1324
SO,Male,8,1345
SO,Male,9,1351
SO,Male,10,1296
SO,Male,11,1201
SO,Male,12,1243
SO,Male,13,1342
SO,Male,14,1271
SO,Male,15,1316
SO,Male,16,1304
SO,Male,17,1348
SO,Male,18,1416
SO,Male,19,1434
SO,Male,20,1502
SO,Male,21,1611
SO,Male,22,1562
SO,Male,23,1642
SO,Male,24,1605
SO,Male,25,1725
SO,Male,26,1763
SO,Male,27,1781
SO,Male,28,1849
SO,Male,29,1730
SO,Male,30,1900
SO,Male,31,1849
SO,Male,32,1825
SO,Male,33,1851
SO,Male,34,1923
SO,Male,35,1908
SO,Male,36,1875
SO,Male,37,1814
SO,Male,38,1800
SO,Male,39,1736
SO,Male,40,1688
SO,Male,41,1677
SO,Male,42,1688
SO,Male,43,1638
SO,Male,44,1764
SO,Male,45,1721
SO,Male,46,1839
SO,Male,47,1913
SO,Male,48,2027
SO,Male,49,2064
SO,Male,50,2213
SO,Male,51,2213
SO,Male,52,2250
SO,Male,53,2247
SO,Male,54,2364
SO,Male,55,2344
SO,Male,56,2222
SO,Male,57,2148
SO,Male,58,2121
SO,Male,59,2062
SO,Male,60,2040
SO,Male,61,1966
SO,Male,62,1974
SO,Male,63,1743
SO,Male,64,1695
SO,Male,65,1663
SO,Male,66,1518
SO,Male,67,1515
SO,Male,68,1481
SO,Male,69,1473
SO,Male,70,1444
SO,Male,71,1375
SO,Male,72,1364
SO,Male,73,1281
SO,Male,74,1210
SO,Male,75,1139
SO,Male,76,1092
SO,Male,77,966
SO,Male,78,821
SO,Male,79,811
SO,Male,80,721
SO,Male,81,710
SO,Male,82,661
SO,Male,83,658
SO,Male,84,580
SO,Male,85,501
SO,Male,86,436
SO,Male,87,430
SO,Male,88,342
SO,Male,89,304
SO,Male,90,233
SO,Male,91,166
SO,Male,92,159
SO,Male,93,124
SO,Male,94,77
SO,Male,95,60
SO,Male,96,54
SO,Male,97,37
SO,Male,98,38
SO,Male,99,18
SO,Female,1,1170
SO,Female,2,1288
SO,Female,3,1345
SO,Female,4,1280
SO,Female,5,1246
SO,Female,6,1241
SO,Female,7,1296
SO,Female,8,1241
SO,Female,9,1235
SO,Female,10,1212
SO,Female,11,1244
SO,Female,12,1127
SO,Female,13,1193
SO,Female,14,1218
SO,Female,15,1194
SO,Female,16,1250
SO,Female,17,1259
SO,Female,18,1343
SO,Female,19,1374
SO,Female,20,1365
SO,Female,21,1416
SO,Female,22,1484
SO,Female,23,1505
SO,Female,24,1547
SO,Female,25,1609
SO,Female,26,1605
SO,Female,27,1767
SO,Female,28,1733
SO,Female,29,1757
SO,Female,30,1833
SO,Female,31,1638
SO,Female,32,1748
SO,Female,33,1824
SO,Female,34,1779
SO,Female,35,1787
SO,Female,36,1764
SO,Female,37,1769
SO,Female,38,1686
SO,Female,39,1699
SO,Female,40,1690
SO,Female,41,1636
SO,Female,42,1660
SO,Female,43,1681
SO,Female,44,1685
SO,Female,45,1702
SO,Female,46,1885
SO,Female,47,1887
SO,Female,48,2037
SO,Female,49,2049
SO,Female,50,2194
SO,Female,51,2124
SO,Female,52,2223
SO,Female,53,2222
SO,Female,54,2330
SO,Female,55,2177
SO,Female,56,2178
SO,Female,57,2139
SO,Female,58,2085
SO,Female,59,2018
SO,Female,60,1932
SO,Female,61,1782
SO,Female,62,1845
SO,Female,63,1694
SO,Female,64,1737
SO,Female,65,1594
SO,Female,66,1585
SO,Female,67,1515
SO,Female,68,1506
SO,Female,69,1445
SO,Female,70,1489
SO,Female,71,1378
SO,Female,72,1370
SO,Female,73,1350
SO,Female,74,1342
SO,Female,75,1234
SO,Female,76,1188
SO,Female,77,1153
SO,Female,78,999
SO,Female,79,990
SO,Female,80,937
SO,Female,81,943
SO,Female,82,874
SO,Female,83,880
SO,Female,84,848
SO,Female,85,806
SO,Female,86,757
SO,Female,87,681
SO,Female,88,623
SO,Female,89,573
SO,Female,90,448
SO,Female,91,394
SO,Female,92,329
SO,Female,93,305
SO,Female,94,223
SO,Female,95,161
SO,Female,96,113
SO,Female,97,88
SO,Female,98,61
SO,Female,99,90
BS,Male,1,1022
BS,Male,2,996
BS,Male,3,977
BS,Male,4,965
BS,Male,5,914
BS,Male,6,908
BS,Male,7,857
BS,Male,8,890
BS,Male,9,799
BS,Male,10,790
BS,Male,11,822
BS,Male,12,786
BS,Male,13,783
BS,Male,14,767
BS,Male,15,766
BS,Male,16,748
BS,Male,17,767
BS,Male,18,827
BS,Male,19,814
BS,Male,20,838
BS,Male,21,809
BS,Male,22,870
BS,Male,23,880
BS,Male,24,994
BS,Male,25,1065
BS,Male,26,1211
BS,Male,27,1361
BS,Male,28,1420
BS,Male,29,1554
BS,Male,30,1595
BS,Male,31,1603
BS,Male,32,1696
BS,Male,33,1642
BS,Male,34,1693
BS,Male,35,1658
BS,Male,36,1651
BS,Male,37,1643
BS,Male,38,1624
BS,Male,39,1470
BS,Male,40,1478
BS,Male,41,1475
BS,Male,42,1443
BS,Male,43,1394
BS,Male,44,1397
BS,Male,45,1246
BS,Male,46,1267
BS,Male,47,1277
BS,Male,48,1340
BS,Male,49,1411
BS,Male,50,1357
BS,Male,51,1391
BS,Male,52,1473
BS,Male,53,1431
BS,Male,54,1499
BS,Male,55,1468
BS,Male,56,1399
BS,Male,57,1323
BS,Male,58,1404
BS,Male,59,1232
BS,Male,60,1229
BS,Male,61,1154
BS,Male,62,1172
BS,Male,63,1034
BS,Male,64,1038
BS,Male,65,1016
BS,Male,66,964
BS,Male,67,858
BS,Male,68,878
BS,Male,69,904
BS,Male,70,869
BS,Male,71,784
BS,Male,72,794
BS,Male,73,778
BS,Male,74,749
BS,Male,75,745
BS,Male,76,711
BS,Male,77,656
BS,Male,78,590
BS,Male,79,549
BS,Male,80,501
BS,Male,81,533
BS,Male,82,449
BS,Male,83,499
BS,Male,84,419
BS,Male,85,388
BS,Male,86,380
BS,Male,87,320
BS,Male,88,335
BS,Male,89,276
BS,Male,90,242
BS,Male,91,171
BS,Male,92,147
BS,Male,93,98
BS,Male,94,95
BS,Male,95,76
BS,Male,96,44
BS,Male,97,32
BS,Male,98,29
BS,Male,99,37
BS,Female,1,978
BS,Female,2,1032
BS,Female,3,946
BS,Female,4,859
BS,Female,5,800
BS,Female,6,886
BS,Female,7,832
BS,Female,8,859
BS,Female,9,822
BS,Female,10,795
BS,Female,11,740
BS,Female,12,719
BS,Female,13,710
BS,Female,14,730
BS,Female,15,692
BS,Female,16,699
BS,Female,17,683
BS,Female,18,731
BS,Female,19,765
BS,Female,20,803
BS,Female,21,778
BS,Female,22,903
BS,Female,23,899
BS,Female,24,1041
BS,Female,25,1154
BS,Female,26,1269
BS,Female,27,1431
BS,Female,28,1632
BS,Female,29,1697
BS,Female,30,1751
BS,Female,31,1677
BS,Female,32,1820
BS,Female,33,1661
BS,Female,34,1686
BS,Female,35,1712
BS,Female,36,1665
BS,Female,37,1600
BS,Female,38,1553
BS,Female,39,1457
BS,Female,40,1422
BS,Female,41,1411
BS,Female,42,1370
BS,Female,43,1292
BS,Female,44,1312
BS,Female,45,1306
BS,Female,46,1222
BS,Female,47,1262
BS,Female,48,1264
BS,Female,49,1322
BS,Female,50,1389
BS,Female,51,1384
BS,Female,52,1484
BS,Female,53,1486
BS,Female,54,1505
BS,Female,55,1382
BS,Female,56,1358
BS,Female,57,1338
BS,Female,58,1354
BS,Female,59,1277
BS,Female,60,1179
BS,Female,61,1211
BS,Female,62,1156
BS,Female,63,1099
BS,Female,64,1077
BS,Female,65,1017
BS,Female,66,1046
BS,Female,67,987
BS,Female,68,1037
BS,Female,69,975
BS,Female,70,981
BS,Female,71,987
BS,Female,72,959
BS,Female,73,925
BS,Female,74,883
BS,Female,75,922
BS,Female,76,916
BS,Female,77,885
BS,Female,78,824
BS,Female,79,834
BS,Female,80,782
BS,Female,81,828
BS,Female,82,759
BS,Female,83,779
BS,Female,84,705
BS,Female,85,642
BS,Female,86,696
BS,Female,87,669
BS,Female,88,591
BS,Female,89,557
BS,Female,90,516
BS,Female,91,455
BS,Female,92,362
BS,Female,93,299
BS,Female,94,289
BS,Female,95,208
BS,Female,96,168
BS,Female,97,144
BS,Female,98,88
BS,Female,99,141
BL,Male,1,1331
BL,Male,2,1401
BL,Male,3,1409
BL,Male,4,1394
BL,Male,5,1365
BL,Male,6,1433
BL,Male,7,1386
BL,Male,8,1414
BL,Male,9,1483
BL,Male,10,1474
BL,Male,11,1407
BL,Male,12,1362
BL,Male,13,1398
BL,Male,14,1385
BL,Male,15,1369
BL,Male,16,1420
BL,Male,17,1414
BL,Male,18,1519
BL,Male,19,1550
BL,Male,20,1561
BL,Male,21,1544
BL,Male,22,1591
BL,Male,23,1526
BL,Male,24,1577
BL,Male,25,1561
BL,Male,26,1572
BL,Male,27,1629
BL,Male,28,1620
BL,Male,29,1517
BL,Male,30,1684
BL,Male,31,1702
BL,Male,32,1669
BL,Male,33,1728
BL,Male,34,1804
BL,Male,35,1708
BL,Male,36,1804
BL,Male,37,1714
BL,Male,38,1809
BL,Male,39,1810
BL,Male,40,1792
BL,Male,41,1785
BL,Male,42,1747
BL,Male,43,1825
BL,Male,44,1916
BL,Male,45,1902
BL,Male,46,2022
BL,Male,47,2057
BL,Male,48,2087
BL,Male,49,2241
BL,Male,50,2336
BL,Male,51,2366
BL,Male,52,2354
BL,Male,53,2379
BL,Male,54,2350
BL,Male,55,2251
BL,Male,56,2316
BL,Male,57,2182
BL,Male,58,2186
BL,Male,59,2081
BL,Male,60,1930
BL,Male,61,1892
BL,Male,62,1922
BL,Male,63,1758
BL,Male,64,1652
BL,Male,65,1581
BL,Male,66,1647
BL,Male,67,1517
BL,Male,68,1571
BL,Male,69,1557
BL,Male,70,1538
BL,Male,71,1563
BL,Male,72,1577
BL,Male,73,1467
BL,Male,74,1461
BL,Male,75,1287
BL,Male,76,1282
BL,Male,77,1203
BL,Male,78,1057
BL,Male,79,1065
BL,Male,80,982
BL,Male,81,862
BL,Male,82,846
BL,Male,83,783
BL,Male,84,804
BL,Male,85,623
BL,Male,86,607
BL,Male,87,524
BL,Male,88,424
BL,Male,89,362
BL,Male,90,329
BL,Male,91,236
BL,Male,92,186
BL,Male,93,137
BL,Male,94,109
BL,Male,95,82
BL,Male,96,48
BL,Male,97,34
BL,Male,98,23
BL,Male,99,24
BL,Female,1,1284
BL,Female,2,1280
BL,Female,3,1274
BL,Female,4,1337
BL,Female,5,1298
BL,Female,6,1352
BL,Female,7,1366
BL,Female,8,1361
BL,Female,9,1343
BL,Female,10,1288
BL,Female,11,1372
BL,Female,12,1360
BL,Female,13,1327
BL,Female,14,1295
BL,Female,15,1273
BL,Female,16,1286
BL,Female,17,1350
BL,Female,18,1390
BL,Female,19,1405
BL,Female,20,1393
BL,Female,21,1403
BL,Female,22,1537
BL,Female,23,1499
BL,Female,24,1444
BL,Female,25,1500
BL,Female,26,1608
BL,Female,27,1551
BL,Female,28,1557
BL,Female,29,1587
BL,Female,30,1612
BL,Female,31,1617
BL,Female,32,1683
BL,Female,33,1702
BL,Female,34,1760
BL,Female,35,1746
BL,Female,36,1882
BL,Female,37,1799
BL,Female,38,1841
BL,Female,39,1848
BL,Female,40,1812
BL,Female,41,1842
BL,Female,42,1815
BL,Female,43,1865
BL,Female,44,1884
BL,Female,45,1982
BL,Female,46,2058
BL,Female,47,2126
BL,Female,48,2204
BL,Female,49,2363
BL,Female,50,2337
BL,Female,51,2399
BL,Female,52,2349
BL,Female,53,2369
BL,Female,54,2515
BL,Female,55,2394
BL,Female,56,2238
BL,Female,57,2155
BL,Female,58,2081
BL,Female,59,2068
BL,Female,60,2018
BL,Female,61,2027
BL,Female,62,1838
BL,Female,63,1844
BL,Female,64,1701
BL,Female,65,1748
BL,Female,66,1737
BL,Female,67,1655
BL,Female,68,1752
BL,Female,69,1770
BL,Female,70,1761
BL,Female,71,1745
BL,Female,72,1697
BL,Female,73,1636
BL,Female,74,1564
BL,Female,75,1540
BL,Female,76,1572
BL,Female,77,1431
BL,Female,78,1362
BL,Female,79,1239
BL,Female,80,1213
BL,Female,81,1123
BL,Female,82,1175
BL,Female,83,1060
BL,Female,84,1036
BL,Female,85,897
BL,Female,86,884
BL,Female,87,764
BL,Female,88,718
BL,Female,89,633
BL,Female,90,537
BL,Female,91,412
BL,Female,92,382
BL,Female,93,297
BL,Female,94,250
BL,Female,95,184
BL,Female,96,141
BL,Female,97,97
BL,Female,98,60
BL,Female,99,86
SH,Male,1,367
SH,Male,2,430
SH,Male,3,395
SH,Male,4,395
SH,Male,5,412
SH,Male,6,384
SH,Male,7,429
SH,Male,8,371
SH,Male,9,401
SH,Male,10,392
SH,Male,11,407
SH,Male,12,368
SH,Male,13,368
SH,Male,14,355
SH,Male,15,380
SH,Male,16,373
SH,Male,17,387
SH,Male,18,444
SH,Male,19,453
SH,Male,20,456
SH,Male,21,475
SH,Male,22,473
SH,Male,23,473
SH,Male,24,518
SH,Male,25,487
SH,Male,26,482
SH,Male,27,514
SH,Male,28,534
SH,Male,29,556
SH,Male,30,557
SH,Male,31,554
SH,Male,32,517
SH,Male,33,539
SH,Male,34,530
SH,Male,35,544
SH,Male,36,576
SH,Male,37,561
SH,Male,38,534
SH,Male,39,499
SH,Male,40,540
SH,Male,41,530
SH,Male,42,515
SH,Male,43,508
SH,Male,44,528
SH,Male,45,541
SH,Male,46,505
SH,Male,47,528
SH,Male,48,530
SH,Male,49,617
SH,Male,50,596
SH,Male,51,611
SH,Male,52,620
SH,Male,53,668
SH,Male,54,663
SH,Male,55,683
SH,Male,56,647
SH,Male,57,614
SH,Male,58,636
SH,Male,59,625
SH,Male,60,574
SH,Male,61,561
SH,Male,62,588
SH,Male,63,506
SH,Male,64,473
SH,Male,65,461
SH,Male,66,483
SH,Male,67,421
SH,Male,68,455
SH,Male,69,413
SH,Male,70,415
SH,Male,71,451
SH,Male,72,425
SH,Male,73,411
SH,Male,74,373
SH,Male,75,301
SH,Male,76,332
SH,Male,77,358
SH,Male,78,266
SH,Male,79,281
SH,Male,80,247
SH,Male,81,223
SH,Male,82,216
SH,Male,83,186
SH,Male,84,194
SH,Male,85,173
SH,Male,86,156
SH,Male,87,134
SH,Male,88,125
SH,Male,89,90
SH,Male,90,87
SH,Male,91,63
SH,Male,92,71
SH,Male,93,43
SH,Male,94,29
SH,Male,95,17
SH,Male,96,18
SH,Male,97,11
SH,Male,98,11
SH,Male,99,14
SH,Female,1,380
SH,Female,2,355
SH,Female,3,335
SH,Female,4,393
SH,Female,5,393
SH,Female,6,381
SH,Female,7,368
SH,Female,8,383
SH,Female,9,368
SH,Female,10,358
SH,Female,11,364
SH,Female,12,336
SH,Female,13,371
SH,Female,14,332
SH,Female,15,376
SH,Female,16,381
SH,Female,17,353
SH,Female,18,339
SH,Female,19,396
SH,Female,20,373
SH,Female,21,433
SH,Female,22,430
SH,Female,23,438
SH,Female,24,431
SH,Female,25,468
SH,Female,26,515
SH,Female,27,509
SH,Female,28,500
SH,Female,29,557
SH,Female,30,502
SH,Female,31,555
SH,Female,32,484
SH,Female,33,553
SH,Female,34,521
SH,Female,35,485
SH,Female,36,546
SH,Female,37,548
SH,Female,38,499
SH,Female,39,526
SH,Female,40,499
SH,Female,41,516
SH,Female,42,502
SH,Female,43,462
SH,Female,44,486
SH,Female,45,478
SH,Female,46,493
SH,Female,47,555
SH,Female,48,539
SH,Female,49,636
SH,Female,50,589
SH,Female,51,594
SH,Female,52,659
SH,Female,53,617
SH,Female,54,695
SH,Female,55,668
SH,Female,56,618
SH,Female,57,698
SH,Female,58,594
SH,Female,59,619
SH,Female,60,530
SH,Female,61,549
SH,Female,62,548
SH,Female,63,530
SH,Female,64,523
SH,Female,65,485
SH,Female,66,482
SH,Female,67,512
SH,Female,68,502
SH,Female,69,464
SH,Female,70,481
SH,Female,71,430
SH,Female,72,450
SH,Female,73,437
SH,Female,74,420
SH,Female,75,409
SH,Female,76,397
SH,Female,77,414
SH,Female,78,373
SH,Female,79,350
SH,Female,80,324
SH,Female,81,315
SH,Female,82,330
SH,Female,83,268
SH,Female,84,262
SH,Female,85,242
SH,Female,86,231
SH,Female,87,215
SH,Female,88,245
SH,Female,89,200
SH,Female,90,159
SH,Female,91,147
SH,Female,92,116
SH,Female,93,97
SH,Female,94,93
SH,Female,95,62
SH,Female,96,48
SH,Female,97,42
SH,Female,98,23
SH,Female,99,43
AR,Male,1,269
AR,Male,2,312
AR,Male,3,310
AR,Male,4,287
AR,Male,5,286
AR,Male,6,300
AR,Male,7,291
AR,Male,8,296
AR,Male,9,283
AR,Male,10,281
AR,Male,11,264
AR,Male,12,291
AR,Male,13,272
AR,Male,14,239
AR,Male,15,245
AR,Male,16,254
AR,Male,17,284
AR,Male,18,310
AR,Male,19,326
AR,Male,20,336
AR,Male,21,368
AR,Male,22,363
AR,Male,23,368
AR,Male,24,362
AR,Male,25,362
AR,Male,26,390
AR,Male,27,380
AR,Male,28,372
AR,Male,29,337
AR,Male,30,357
AR,Male,31,334
AR,Male,32,320
AR,Male,33,336
AR,Male,34,352
AR,Male,35,368
AR,Male,36,372
AR,Male,37,350
AR,Male,38,347
AR,Male,39,377
AR,Male,40,314
AR,Male,41,357
AR,Male,42,348
AR,Male,43,327
AR,Male,44,352
AR,Male,45,356
AR,Male,46,375
AR,Male,47,368
AR,Male,48,403
AR,Male,49,420
AR,Male,50,411
AR,Male,51,412
AR,Male,52,477
AR,Male,53,439
AR,Male,54,485
AR,Male,55,488
AR,Male,56,466
AR,Male,57,439
AR,Male,58,466
AR,Male,59,426
AR,Male,60,429
AR,Male,61,429
AR,Male,62,358
AR,Male,63,359
AR,Male,64,363
AR,Male,65,374
AR,Male,66,335
AR,Male,67,291
AR,Male,68,320
AR,Male,69,337
AR,Male,70,311
AR,Male,71,274
AR,Male,72,255
AR,Male,73,279
AR,Male,74,262
AR,Male,75,246
AR,Male,76,219
AR,Male,77,188
AR,Male,78,175
AR,Male,79,154
AR,Male,80,147
AR,Male,81,126
AR,Male,82,135
AR,Male,83,124
AR,Male,84,101
AR,Male,85,103
AR,Male,86,96
AR,Male,87,82
AR,Male,88,68
AR,Male,89,62
AR,Male,90,50
AR,Male,91,42
AR,Male,92,30
AR,Male,93,22
AR,Male,94,14
AR,Male,95,12
AR,Male,96,12
AR,Male,97,4
AR,Male,98,5
AR,Male,99,6
AR,Female,1,287
AR,Female,2,297
AR,Female,3,281
AR,Female,4,318
AR,Female,5,257
AR,Female,6,295
AR,Female,7,266
AR,Female,8,281
AR,Female,9,263
AR,Female,10,255
AR,Female,11,246
AR,Female,12,251
AR,Female,13,247
AR,Female,14,242
AR,Female,15,255
AR,Female,16,264
AR,Female,17,252
AR,Female,18,286
AR,Female,19,264
AR,Female,20,307
AR,Female,21,296
AR,Female,22,305
AR,Female,23,283
AR,Female,24,277
AR,Female,25,306
AR,Female,26,308
AR,Female,27,290
AR,Female,28,324
AR,Female,29,306
AR,Female,30,310
AR,Female,31,342
AR,Female,32,291
AR,Female,33,326
AR,Female,34,384
AR,Female,35,322
AR,Female,36,365
AR,Female,37,374
AR,Female,38,346
AR,Female,39,304
AR,Female,40,347
AR,Female,41,341
AR,Female,42,323
AR,Female,43,326
AR,Female,44,315
AR,Female,45,326
AR,Female,46,369
AR,Female,47,357
AR,Female,48,396
AR,Female,49,398
AR,Female,50,436
AR,Female,51,464
AR,Female,52,432
AR,Female,53,507
AR,Female,54,431
AR,Female,55,446
AR,Female,56,476
AR,Female,57,427
AR,Female,58,435
AR,Female,59,418
AR,Female,60,404
AR,Female,61,381
AR,Female,62,348
AR,Female,63,343
AR,Female,64,317
AR,Female,65,360
AR,Female,66,343
AR,Female,67,291
AR,Female,68,314
AR,Female,69,294
AR,Female,70,287
AR,Female,71,283
AR,Female,72,284
AR,Female,73,259
AR,Female,74,236
AR,Female,75,243
AR,Female,76,205
AR,Female,77,224
AR,Female,78,231
AR,Female,79,209
AR,Female,80,189
AR,Female,81,176
AR,Female,82,173
AR,Female,83,160
AR,Female,84,148
AR,Female,85,144
AR,Female,86,128
AR,Female,87,132
AR,Female,88,134
AR,Female,89,107
AR,Female,90,99
AR,Female,91,96
AR,Female,92,77
AR,Female,93,59
AR,Female,94,47
AR,Female,95,48
AR,Female,96,21
AR,Female,97,24
AR,Female,98,20
AR,Female,99,18
AI,Male,1,103
AI,Male,2,99
AI,Male,3,87
AI,Male,4,76
AI,Male,5,84
AI,Male,6,76
AI,Male,7,86
AI,Male,8,105
AI,Male,9,87
AI,Male,10,91
AI,Male,11,79
AI,Male,12,80
AI,Male,13,72
AI,Male,14,80
AI,Male,15,76
AI,Male,16,90
AI,Male,17,94
AI,Male,18,100
AI,Male,19,92
AI,Male,20,114
AI,Male,21,134
AI,Male,22,126
AI,Male,23,102
AI,Male,24,126
AI,Male,25,113
AI,Male,26,111
AI,Male,27,133
AI,Male,28,123
AI,Male,29,126
AI,Male,30,110
AI,Male,31,103
AI,Male,32,112
AI,Male,33,91
AI,Male,34,107
AI,Male,35,103
AI,Male,36,109
AI,Male,37,118
AI,Male,38,92
AI,Male,39,106
AI,Male,40,102
AI,Male,41,97
AI,Male,42,85
AI,Male,43,89
AI,Male,44,102
AI,Male,45,98
AI,Male,46,110
AI,Male,47,129
AI,Male,48,118
AI,Male,49,131
AI,Male,50,115
AI,Male,51,112
AI,Male,52,114
AI,Male,53,127
AI,Male,54,137
AI,Male,55,128
AI,Male,56,130
AI,Male,57,114
AI,Male,58,130
AI,Male,59,136
AI,Male,60,116
AI,Male,61,83
AI,Male,62,85
AI,Male,63,116
AI,Male,64,104
AI,Male,65,108
AI,Male,66,72
AI,Male,67,77
AI,Male,68,108
AI,Male,69,91
AI,Male,70,99
AI,Male,71,79
AI,Male,72,77
AI,Male,73,71
AI,Male,74,60
AI,Male,75,73
AI,Male,76,61
AI,Male,77,60
AI,Male,78,47
AI,Male,79,62
AI,Male,80,56
AI,Male,81,45
AI,Male,82,47
AI,Male,83,51
AI,Male,84,31
AI,Male,85,36
AI,Male,86,32
AI,Male,87,30
AI,Male,88,22
AI,Male,89,16
AI,Male,90,21
AI,Male,91,7
AI,Male,92,12
AI,Male,93,6
AI,Male,94,3
AI,Male,95,1
AI,Male,96,1
AI,Male,97,2
AI,Male,98,0
AI,Male,99,2
AI,Female,1,84
AI,Female,2,87
AI,Female,3,100
AI,Female,4,91
AI,Female,5,88
AI,Female,6,101
AI,Female,7,84
AI,Female,8,69
AI,Female,9,73
AI,Female,10,82
AI,Female,11,88
AI,Female,12,70
AI,Female,13,73
AI,Female,14,81
AI,Female,15,76
AI,Female,16,96
AI,Female,17,84
AI,Female,18,82
AI,Female,19,99
AI,Female,20,100
AI,Female,21,91
AI,Female,22,97
AI,Female,23,101
AI,Female,24,102
AI,Female,25,113
AI,Female,26,104
AI,Female,27,87
AI,Female,28,99
AI,Female,29,79
AI,Female,30,104
AI,Female,31,90
AI,Female,32,88
AI,Female,33,100
AI,Female,34,111
AI,Female,35,101
AI,Female,36,102
AI,Female,37,87
AI,Female,38,97
AI,Female,39,89
AI,Female,40,78
AI,Female,41,90
AI,Female,42,83
AI,Female,43,98
AI,Female,44,99
AI,Female,45,107
AI,Female,46,96
AI,Female,47,113
AI,Female,48,112
AI,Female,49,112
AI,Female,50,109
AI,Female,51,103
AI,Female,52,131
AI,Female,53,130
AI,Female,54,136
AI,Female,55,133
AI,Female,56,116
AI,Female,57,105
AI,Female,58,110
AI,Female,59,111
AI,Female,60,90
AI,Female,61,91
AI,Female,62,100
AI,Female,63,88
AI,Female,64,84
AI,Female,65,85
AI,Female,66,73
AI,Female,67,96
AI,Female,68,69
AI,Female,69,75
AI,Female,70,73
AI,Female,71,73
AI,Female,72,69
AI,Female,73,71
AI,Female,74,51
AI,Female,75,56
AI,Female,76,64
AI,Female,77,59
AI,Female,78,69
AI,Female,79,57
AI,Female,80,62
AI,Female,81,53
AI,Female,82,54
AI,Female,83,49
AI,Female,84,44
AI,Female,85,52
AI,Female,86,53
AI,Female,87,43
AI,Female,88,42
AI,Female,89,36
AI,Female,90,21
AI,Female,91,19
AI,Female,92,11
AI,Female,93,21
AI,Female,94,15
AI,Female,95,12
AI,Female,96,3
AI,Female,97,4
AI,Female,98,3
AI,Female,99,3
SG,Male,1,2617
SG,Male,2,2776
SG,Male,3,2834
SG,Male,4,2684
SG,Male,5,2662
SG,Male,6,2653
SG,Male,7,2687
SG,Male,8,2705
SG,Male,9,2589
SG,Male,10,2612
SG,Male,11,2529
SG,Male,12,2554
SG,Male,13,2490
SG,Male,14,2540
SG,Male,15,2537
SG,Male,16,2545
SG,Male,17,2601
SG,Male,18,2881
SG,Male,19,2860
SG,Male,20,3091
SG,Male,21,3159
SG,Male,22,3163
SG,Male,23,3215
SG,Male,24,3438
SG,Male,25,3496
SG,Male,26,3671
SG,Male,27,3823
SG,Male,28,3763
SG,Male,29,3750
SG,Male,30,3775
SG,Male,31,3638
SG,Male,32,3578
SG,Male,33,3776
SG,Male,34,3663
SG,Male,35,3703
SG,Male,36,3634
SG,Male,37,3529
SG,Male,38,3594
SG,Male,39,3385
SG,Male,40,3315
SG,Male,41,3352
SG,Male,42,3291
SG,Male,43,3129
SG,Male,44,3124
SG,Male,45,3220
SG,Male,46,3331
SG,Male,47,3613
SG,Male,48,3572
SG,Male,49,3841
SG,Male,50,3847
SG,Male,51,3815
SG,Male,52,4120
SG,Male,53,3951
SG,Male,54,4140
SG,Male,55,3975
SG,Male,56,3936
SG,Male,57,3712
SG,Male,58,3508
SG,Male,59,3405
SG,Male,60,3350
SG,Male,61,3235
SG,Male,62,3167
SG,Male,63,2910
SG,Male,64,2881
SG,Male,65,2686
SG,Male,66,2692
SG,Male,67,2568
SG,Male,68,2536
SG,Male,69,2457
SG,Male,70,2465
SG,Male,71,2447
SG,Male,72,2297
SG,Male,73,2277
SG,Male,74,2134
SG,Male,75,2065
SG,Male,76,1934
SG,Male,77,1728
SG,Male,78,1562
SG,Male,79,1442
SG,Male,80,1361
SG,Male,81,1239
SG,Male,82,1120
SG,Male,83,1098
SG,Male,84,990
SG,Male,85,782
SG,Male,86,769
SG,Male,87,656
SG,Male,88,523
SG,Male,89,443
SG,Male,90,349
SG,Male,91,295
SG,Male,92,240
SG,Male,93,195
SG,Male,94,129
SG,Male,95,113
SG,Male,96,68
SG,Male,97,47
SG,Male,98,23
SG,Male,99,40
SG,Female,1,2519
SG,Female,2,2589
SG,Female,3,2537
SG,Female,4,2487
SG,Female,5,2559
SG,Female,6,2484
SG,Female,7,2493
SG,Female,8,2490
SG,Female,9,2591
SG,Female,10,2461
SG,Female,11,2369
SG,Female,12,2356
SG,Female,13,2381
SG,Female,14,2459
SG,Female,15,2568
SG,Female,16,2539
SG,Female,17,2507
SG,Female,18,2713
SG,Female,19,2747
SG,Female,20,2855
SG,Female,21,2801
SG,Female,22,2980
SG,Female,23,3071
SG,Female,24,3102
SG,Female,25,3242
SG,Female,26,3460
SG,Female,27,3443
SG,Female,28,3540
SG,Female,29,3450
SG,Female,30,3473
SG,Female,31,3453
SG,Female,32,3428
SG,Female,33,3521
SG,Female,34,3331
SG,Female,35,3353
SG,Female,36,3339
SG,Female,37,3298
SG,Female,38,3357
SG,Female,39,3207
SG,Female,40,3135
SG,Female,41,3131
SG,Female,42,3147
SG,Female,43,3070
SG,Female,44,3155
SG,Female,45,3218
SG,Female,46,3137
SG,Female,47,3498
SG,Female,48,3565
SG,Female,49,3764
SG,Female,50,3764
SG,Female,51,3804
SG,Female,52,3949
SG,Female,53,3907
SG,Female,54,3979
SG,Female,55,3880
SG,Female,56,3799
SG,Female,57,3730
SG,Female,58,3520
SG,Female,59,3323
SG,Female,60,3277
SG,Female,61,3184
SG,Female,62,3215
SG,Female,63,2970
SG,Female,64,2931
SG,Female,65,2730
SG,Female,66,2651
SG,Female,67,2562
SG,Female,68,2626
SG,Female,69,2563
SG,Female,70,2578
SG,Female,71,2476
SG,Female,72,2459
SG,Female,73,2389
SG,Female,74,2328
SG,Female,75,2243
SG,Female,76,2137
SG,Female,77,1962
SG,Female,78,1884
SG,Female,79,1798
SG,Female,80,1759
SG,Female,81,1600
SG,Female,82,1519
SG,Female,83,1469
SG,Female,84,1442
SG,Female,85,1231
SG,Female,86,1186
SG,Female,87,1101
SG,Female,88,974
SG,Female,89,849
SG,Female,90,763
SG,Female,91,656
SG,Female,92,588
SG,Female,93,526
SG,Female,94,375
SG,Female,95,275
SG,Female,96,224
SG,Female,97,172
SG,Female,98,108
SG,Female,99,168
GR,Male,1,851
GR,Male,2,914
GR,Male,3,910
GR,Male,4,916
GR,Male,5,912
GR,Male,6,897
GR,Male,7,901
GR,Male,8,857
GR,Male,9,913
GR,Male,10,908
GR,Male,11,849
GR,Male,12,830
GR,Male,13,837
GR,Male,14,910
GR,Male,15,953
GR,Male,16,898
GR,Male,17,1016
GR,Male,18,1113
GR,Male,19,1072
GR,Male,20,1121
GR,Male,21,1106
GR,Male,22,1128
GR,Male,23,1162
GR,Male,24,1136
GR,Male,25,1210
GR,Male,26,1339
GR,Male,27,1234
GR,Male,28,1266
GR,Male,29,1314
GR,Male,30,1332
GR,Male,31,1292
GR,Male,32,1358
GR,Male,33,1331
GR,Male,34,1265
GR,Male,35,1348
GR,Male,36,1306
GR,Male,37,1291
GR,Male,38,1306
GR,Male,39,1196
GR,Male,40,1243
GR,Male,41,1256
GR,Male,42,1273
GR,Male,43,1231
GR,Male,44,1305
GR,Male,45,1302
GR,Male,46,1393
GR,Male,47,1502
GR,Male,48,1505
GR,Male,49,1603
GR,Male,50,1608
GR,Male,51,1602
GR,Male,52,1641
GR,Male,53,1618
GR,Male,54,1693
GR,Male,55,1612
GR,Male,56,1620
GR,Male,57,1608
GR,Male,58,1516
GR,Male,59,1514
GR,Male,60,1420
GR,Male,61,1474
GR,Male,62,1319
GR,Male,63,1281
GR,Male,64,1284
GR,Male,65,1228
GR,Male,66,1268
GR,Male,67,1148
GR,Male,68,1213
GR,Male,69,1212
GR,Male,70,1186
GR,Male,71,1059
GR,Male,72,1044
GR,Male,73,1028
GR,Male,74,974
GR,Male,75,976
GR,Male,76,846
GR,Male,77,789
GR,Male,78,715
GR,Male,79,637
GR,Male,80,629
GR,Male,81,578
GR,Male,82,524
GR,Male,83,465
GR,Male,84,411
GR,Male,85,401
GR,Male,86,325
GR,Male,87,310
GR,Male,88,252
GR,Male,89,196
GR,Male,90,158
GR,Male,91,145
GR,Male,92,127
GR,Male,93,75
GR,Male,94,65
GR,Male,95,52
GR,Male,96,33
GR,Male,97,19
GR,Male,98,15
GR,Male,99,26
GR,Female,1,828
GR,Female,2,868
GR,Female,3,839
GR,Female,4,877
GR,Female,5,893
GR,Female,6,785
GR,Female,7,855
GR,Female,8,840
GR,Female,9,759
GR,Female,10,823
GR,Female,11,854
GR,Female,12,833
GR,Female,13,802
GR,Female,14,885
GR,Female,15,848
GR,Female,16,910
GR,Female,17,877
GR,Female,18,964
GR,Female,19,967
GR,Female,20,1015
GR,Female,21,1008
GR,Female,22,1073
GR,Female,23,986
GR,Female,24,1032
GR,Female,25,1140
GR,Female,26,1233
GR,Female,27,1256
GR,Female,28,1203
GR,Female,29,1193
GR,Female,30,1236
GR,Female,31,1196
GR,Female,32,1237
GR,Female,33,1248
GR,Female,34,1197
GR,Female,35,1212
GR,Female,36,1220
GR,Female,37,1261
GR,Female,38,1278
GR,Female,39,1256
GR,Female,40,1193
GR,Female,41,1161
GR,Female,42,1233
GR,Female,43,1213
GR,Female,44,1285
GR,Female,45,1301
GR,Female,46,1301
GR,Female,47,1445
GR,Female,48,1511
GR,Female,49,1494
GR,Female,50,1531
GR,Female,51,1572
GR,Female,52,1603
GR,Female,53,1508
GR,Female,54,1570
GR,Female,55,1635
GR,Female,56,1572
GR,Female,57,1547
GR,Female,58,1488
GR,Female,59,1526
GR,Female,60,1371
GR,Female,61,1424
GR,Female,62,1340
GR,Female,63,1333
GR,Female,64,1199
GR,Female,65,1246
GR,Female,66,1197
GR,Female,67,1199
GR,Female,68,1197
GR,Female,69,1217
GR,Female,70,1148
GR,Female,71,1202
GR,Female,72,1141
GR,Female,73,1046
GR,Female,74,1077
GR,Female,75,1025
GR,Female,76,933
GR,Female,77,866
GR,Female,78,830
GR,Female,79,772
GR,Female,80,767
GR,Female,81,722
GR,Female,82,678
GR,Female,83,655
GR,Female,84,622
GR,Female,85,587
GR,Female,86,573
GR,Female,87,479
GR,Female,88,482
GR,Female,89,407
GR,Female,90,357
GR,Female,91,268
GR,Female,92,266
GR,Female,93,197
GR,Female,94,179
GR,Female,95,117
GR,Female,96,75
GR,Female,97,59
GR,Female,98,50
GR,Female,99,59
AG,Male,1,3546
AG,Male,2,3639
AG,Male,3,3601
AG,Male,4,3704
AG,Male,5,3595
AG,Male,6,3660
AG,Male,7,3640
AG,Male,8,3576
AG,Male,9,3440
AG,Male,10,3542
AG,Male,11,3311
AG,Male,12,3388
AG,Male,13,3458
AG,Male,14,3423
AG,Male,15,3395
AG,Male,16,3332
AG,Male,17,3271
AG,Male,18,3587
AG,Male,19,3547
AG,Male,20,3716
AG,Male,21,3773
AG,Male,22,3933
AG,Male,23,3824
AG,Male,24,3902
AG,Male,25,4185
AG,Male,26,4395
AG,Male,27,4384
AG,Male,28,4593
AG,Male,29,4665
AG,Male,30,4566
AG,Male,31,4665
AG,Male,32,4707
AG,Male,33,4745
AG,Male,34,4972
AG,Male,35,4878
AG,Male,36,5030
AG,Male,37,5021
AG,Male,38,4948
AG,Male,39,4744
AG,Male,40,4654
AG,Male,41,4703
AG,Male,42,4488
AG,Male,43,4500
AG,Male,44,4694
AG,Male,45,4613
AG,Male,46,4845
AG,Male,47,4978
AG,Male,48,5111
AG,Male,49,5221
AG,Male,50,5522
AG,Male,51,5638
AG,Male,52,5652
AG,Male,53,5774
AG,Male,54,5840
AG,Male,55,5481
AG,Male,56,5353
AG,Male,57,5199
AG,Male,58,4945
AG,Male,59,4727
AG,Male,60,4585
AG,Male,61,4507
AG,Male,62,4305
AG,Male,63,4210
AG,Male,64,3944
AG,Male,65,3771
AG,Male,66,3618
AG,Male,67,3353
AG,Male,68,3409
AG,Male,69,3261
AG,Male,70,3288
AG,Male,71,3170
AG,Male,72,3136
AG,Male,73,2915
AG,Male,74,2815
AG,Male,75,2754
AG,Male,76,2501
AG,Male,77,2219
AG,Male,78,1926
AG,Male,79,1778
AG,Male,80,1788
AG,Male,81,1568
AG,Male,82,1440
AG,Male,83,1331
AG,Male,84,1262
AG,Male,85,1022
AG,Male,86,978
AG,Male,87,848
AG,Male,88,719
AG,Male,89,609
AG,Male,90,505
AG,Male,91,384
AG,Male,92,305
AG,Male,93,217
AG,Male,94,150
AG,Male,95,124
AG,Male,96,91
AG,Male,97,54
AG,Male,98,29
AG,Male,99,50
AG,Female,1,3332
AG,Female,2,3525
AG,Female,3,3418
AG,Female,4,3366
AG,Female,5,3317
AG,Female,6,3436
AG,Female,7,3247
AG,Female,8,3496
AG,Female,9,3292
AG,Female,10,3336
AG,Female,11,3163
AG,Female,12,3185
AG,Female,13,3169
AG,Female,14,3213
AG,Female,15,3125
AG,Female,16,3116
AG,Female,17,3098
AG,Female,18,3188
AG,Female,19,3252
AG,Female,20,3300
AG,Female,21,3505
AG,Female,22,3597
AG,Female,23,3674
AG,Female,24,3735
AG,Female,25,3854
AG,Female,26,4269
AG,Female,27,4237
AG,Female,28,4341
AG,Female,29,4356
AG,Female,30,4440
AG,Female,31,4539
AG,Female,32,4595
AG,Female,33,4586
AG,Female,34,4649
AG,Female,35,4682
AG,Female,36,4824
AG,Female,37,4853
AG,Female,38,4674
AG,Female,39,4517
AG,Female,40,4432
AG,Female,41,4413
AG,Female,42,4561
AG,Female,43,4443
AG,Female,44,4456
AG,Female,45,4415
AG,Female,46,4667
AG,Female,47,4915
AG,Female,48,5014
AG,Female,49,5129
AG,Female,50,5311
AG,Female,51,5351
AG,Female,52,5444
AG,Female,53,5396
AG,Female,54,5485
AG,Female,55,5337
AG,Female,56,5036
AG,Female,57,4955
AG,Female,58,4927
AG,Female,59,4634
AG,Female,60,4577
AG,Female,61,4476
AG,Female,62,4242
AG,Female,63,4139
AG,Female,64,3963
AG,Female,65,3784
AG,Female,66,3755
AG,Female,67,3461
AG,Female,68,3495
AG,Female,69,3391
AG,Female,70,3383
AG,Female,71,3219
AG,Female,72,3242
AG,Female,73,3058
AG,Female,74,3048
AG,Female,75,2926
AG,Female,76,2702
AG,Female,77,2452
AG,Female,78,2214
AG,Female,79,2181
AG,Female,80,2069
AG,Female,81,1924
AG,Female,82,1919
AG,Female,83,1752
AG,Female,84,1681
AG,Female,85,1550
AG,Female,86,1476
AG,Female,87,1326
AG,Female,88,1227
AG,Female,89,1072
AG,Female,90,940
AG,Female,91,758
AG,Female,92,662
AG,Female,93,543
AG,Female,94,422
AG,Female,95,326
AG,Female,96,218
AG,Female,97,162
AG,Female,98,102
AG,Female,99,151
TG,Male,1,1454
TG,Male,2,1469
TG,Male,3,1532
TG,Male,4,1488
TG,Male,5,1445
TG,Male,6,1461
TG,Male,7,1442
TG,Male,8,1436
TG,Male,9,1426
TG,Male,10,1413
TG,Male,11,1400
TG,Male,12,1365
TG,Male,13,1316
TG,Male,14,1405
TG,Male,15,1333
TG,Male,16,1367
TG,Male,17,1378
TG,Male,18,1586
TG,Male,19,1496
TG,Male,20,1579
TG,Male,21,1616
TG,Male,22,1648
TG,Male,23,1675
TG,Male,24,1710
TG,Male,25,1768
TG,Male,26,1829
TG,Male,27,1936
TG,Male,28,1870
TG,Male,29,1947
TG,Male,30,2029
TG,Male,31,1841
TG,Male,32,1939
TG,Male,33,1989
TG,Male,34,1927
TG,Male,35,1964
TG,Male,36,1972
TG,Male,37,2036
TG,Male,38,1937
TG,Male,39,1863
TG,Male,40,1809
TG,Male,41,1751
TG,Male,42,1776
TG,Male,43,1736
TG,Male,44,1754
TG,Male,45,1807
TG,Male,46,1913
TG,Male,47,1917
TG,Male,48,2058
TG,Male,49,2040
TG,Male,50,2188
TG,Male,51,2267
TG,Male,52,2314
TG,Male,53,2322
TG,Male,54,2411
TG,Male,55,2408
TG,Male,56,2303
TG,Male,57,2136
TG,Male,58,2052
TG,Male,59,2085
TG,Male,60,1917
TG,Male,61,1897
TG,Male,62,1867
TG,Male,63,1749
TG,Male,64,1701
TG,Male,65,1620
TG,Male,66,1468
TG,Male,67,1378
TG,Male,68,1428
TG,Male,69,1403
TG,Male,70,1314
TG,Male,71,1286
TG,Male,72,1276
TG,Male,73,1198
TG,Male,74,1102
TG,Male,75,1066
TG,Male,76,962
TG,Male,77,858
TG,Male,78,789
TG,Male,79,755
TG,Male,80,690
TG,Male,81,628
TG,Male,82,599
TG,Male,83,579
TG,Male,84,498
TG,Male,85,438
TG,Male,86,372
TG,Male,87,322
TG,Male,88,307
TG,Male,89,240
TG,Male,90,226
TG,Male,91,145
TG,Male,92,116
TG,Male,93,99
TG,Male,94,65
TG,Male,95,53
TG,Male,96,30
TG,Male,97,24
TG,Male,98,11
TG,Male,99,13
TG,Female,1,1369
TG,Female,2,1459
TG,Female,3,1426
TG,Female,4,1357
TG,Female,5,1364
TG,Female,6,1313
TG,Female,7,1299
TG,Female,8,1407
TG,Female,9,1299
TG,Female,10,1303
TG,Female,11,1373
TG,Female,12,1263
TG,Female,13,1306
TG,Female,14,1299
TG,Female,15,1277
TG,Female,16,1339
TG,Female,17,1279
TG,Female,18,1369
TG,Female,19,1406
TG,Female,20,1427
TG,Female,21,1481
TG,Female,22,1501
TG,Female,23,1540
TG,Female,24,1670
TG,Female,25,1759
TG,Female,26,1692
TG,Female,27,1769
TG,Female,28,1852
TG,Female,29,1824
TG,Female,30,1849
TG,Female,31,1776
TG,Female,32,1897
TG,Female,33,1798
TG,Female,34,1823
TG,Female,35,1823
TG,Female,36,1836
TG,Female,37,1816
TG,Female,38,1742
TG,Female,39,1770
TG,Female,40,1733
TG,Female,41,1649
TG,Female,42,1674
TG,Female,43,1643
TG,Female,44,1721
TG,Female,45,1824
TG,Female,46,1735
TG,Female,47,1986
TG,Female,48,2006
TG,Female,49,2091
TG,Female,50,2292
TG,Female,51,2317
TG,Female,52,2235
TG,Female,53,2287
TG,Female,54,2350
TG,Female,55,2249
TG,Female,56,2232
TG,Female,57,2083
TG,Female,58,2018
TG,Female,59,1931
TG,Female,60,1875
TG,Female,61,1759
TG,Female,62,1801
TG,Female,63,1725
TG,Female,64,1582
TG,Female,65,1521
TG,Female,66,1507
TG,Female,67,1357
TG,Female,68,1433
TG,Female,69,1377
TG,Female,70,1350
TG,Female,71,1325
TG,Female,72,1262
TG,Female,73,1204
TG,Female,74,1180
TG,Female,75,1161
TG,Female,76,1077
TG,Female,77,982
TG,Female,78,984
TG,Female,79,918
TG,Female,80,773
TG,Female,81,782
TG,Female,82,844
TG,Female,83,757
TG,Female,84,684
TG,Female,85,619
TG,Female,86,554
TG,Female,87,556
TG,Female,88,504
TG,Female,89,447
TG,Female,90,366
TG,Female,91,330
TG,Female,92,288
TG,Female,93,246
TG,Female,94,192
TG,Female,95,142
TG,Female,96,99
TG,Female,97,62
TG,Female,98,56
TG,Female,99,89
TI,Male,1,1385
TI,Male,2,1458
TI,Male,3,1504
TI,Male,4,1539
TI,Male,5,1527
TI,Male,6,1557
TI,Male,7,1696
TI,Male,8,1658
TI,Male,9,1629
TI,Male,10,1723
TI,Male,11,1685
TI,Male,12,1721
TI,Male,13,1711
TI,Male,14,1637
TI,Male,15,1665
TI,Male,16,1795
TI,Male,17,1725
TI,Male,18,1847
TI,Male,19,1839
TI,Male,20,1912
TI,Male,21,1886
TI,Male,22,1910
TI,Male,23,1875
TI,Male,24,2013
TI,Male,25,1889
TI,Male,26,2029
TI,Male,27,1895
TI,Male,28,1976
TI,Male,29,1996
TI,Male,30,1932
TI,Male,31,1923
TI,Male,32,1965
TI,Male,33,1900
TI,Male,34,2040
TI,Male,35,1995
TI,Male,36,2059
TI,Male,37,2030
TI,Male,38,2084
TI,Male,39,2062
TI,Male,40,2193
TI,Male,41,2250
TI,Male,42,2319
TI,Male,43,2447
TI,Male,44,2577
TI,Male,45,2663
TI,Male,46,2644
TI,Male,47,2908
TI,Male,48,2872
TI,Male,49,3023
TI,Male,50,3003
TI,Male,51,2920
TI,Male,52,3097
TI,Male,53,3219
TI,Male,54,3149
TI,Male,55,2970
TI,Male,56,2749
TI,Male,57,2618
TI,Male,58,2502
TI,Male,59,2536
TI,Male,60,2276
TI,Male,61,2209
TI,Male,62,2237
TI,Male,63,2149
TI,Male,64,2035
TI,Male,65,1982
TI,Male,66,1866
TI,Male,67,1964
TI,Male,68,1884
TI,Male,69,1939
TI,Male,70,1833
TI,Male,71,1923
TI,Male,72,1952
TI,Male,73,1749
TI,Male,74,1800
TI,Male,75,1637
TI,Male,76,1585
TI,Male,77,1497
TI,Male,78,1476
TI,Male,79,1379
TI,Male,80,1279
TI,Male,81,1174
TI,Male,82,1087
TI,Male,83,1043
TI,Male,84,854
TI,Male,85,802
TI,Male,86,661
TI,Male,87,583
TI,Male,88,507
TI,Male,89,404
TI,Male,90,324
TI,Male,91,287
TI,Male,92,218
TI,Male,93,148
TI,Male,94,126
TI,Male,95,107
TI,Male,96,58
TI,Male,97,57
TI,Male,98,32
TI,Male,99,51
TI,Female,1,1309
TI,Female,2,1333
TI,Female,3,1477
TI,Female,4,1462
TI,Female,5,1526
TI,Female,6,1460
TI,Female,7,1514
TI,Female,8,1652
TI,Female,9,1636
TI,Female,10,1700
TI,Female,11,1594
TI,Female,12,1553
TI,Female,13,1577
TI,Female,14,1612
TI,Female,15,1591
TI,Female,16,1662
TI,Female,17,1610
TI,Female,18,1815
TI,Female,19,1700
TI,Female,20,1773
TI,Female,21,1829
TI,Female,22,1767
TI,Female,23,1757
TI,Female,24,1817
TI,Female,25,1874
TI,Female,26,1841
TI,Female,27,1809
TI,Female,28,1870
TI,Female,29,1860
TI,Female,30,1863
TI,Female,31,1859
TI,Female,32,1898
TI,Female,33,1951
TI,Female,34,1926
TI,Female,35,2078
TI,Female,36,2093
TI,Female,37,2121
TI,Female,38,2153
TI,Female,39,2292
TI,Female,40,2260
TI,Female,41,2374
TI,Female,42,2457
TI,Female,43,2507
TI,Female,44,2679
TI,Female,45,2706
TI,Female,46,2813
TI,Female,47,2875
TI,Female,48,2941
TI,Female,49,2977
TI,Female,50,2946
TI,Female,51,2991
TI,Female,52,3096
TI,Female,53,3035
TI,Female,54,3087
TI,Female,55,2877
TI,Female,56,2746
TI,Female,57,2665
TI,Female,58,2568
TI,Female,59,2457
TI,Female,60,2324
TI,Female,61,2340
TI,Female,62,2243
TI,Female,63,2152
TI,Female,64,2146
TI,Female,65,2115
TI,Female,66,2092
TI,Female,67,2046
TI,Female,68,2102
TI,Female,69,2089
TI,Female,70,2251
TI,Female,71,2111
TI,Female,72,2227
TI,Female,73,2078
TI,Female,74,2022
TI,Female,75,1962
TI,Female,76,1825
TI,Female,77,1869
TI,Female,78,1828
TI,Female,79,1650
TI,Female,80,1597
TI,Female,81,1451
TI,Female,82,1361
TI,Female,83,1458
TI,Female,84,1321
TI,Female,85,1226
TI,Female,86,1105
TI,Female,87,1032
TI,Female,88,946
TI,Female,89,854
TI,Female,90,739
TI,Female,91,677
TI,Female,92,598
TI,Female,93,503
TI,Female,94,415
TI,Female,95,330
TI,Female,96,259
TI,Female,97,200
TI,Female,98,145
TI,Female,99,244
VD,Male,1,4287
VD,Male,2,4400
VD,Male,3,4329
VD,Male,4,4410
VD,Male,5,4364
VD,Male,6,4441
VD,Male,7,4263
VD,Male,8,4428
VD,Male,9,4591
VD,Male,10,4301
VD,Male,11,4431
VD,Male,12,4416
VD,Male,13,4363
VD,Male,14,4280
VD,Male,15,4266
VD,Male,16,4383
VD,Male,17,4581
VD,Male,18,4667
VD,Male,19,5035
VD,Male,20,5153
VD,Male,21,5167
VD,Male,22,5114
VD,Male,23,5275
VD,Male,24,5316
VD,Male,25,5256
VD,Male,26,5435
VD,Male,27,5703
VD,Male,28,5727
VD,Male,29,5604
VD,Male,30,5824
VD,Male,31,5797
VD,Male,32,5742
VD,Male,33,5607
VD,Male,34,5690
VD,Male,35,5583
VD,Male,36,5788
VD,Male,37,5757
VD,Male,38,5806
VD,Male,39,5727
VD,Male,40,5690
VD,Male,41,5710
VD,Male,42,5488
VD,Male,43,5604
VD,Male,44,5816
VD,Male,45,5782
VD,Male,46,6003
VD,Male,47,5772
VD,Male,48,5839
VD,Male,49,5743
VD,Male,50,5775
VD,Male,51,5941
VD,Male,52,6003
VD,Male,53,5971
VD,Male,54,5978
VD,Male,55,5835
VD,Male,56,5587
VD,Male,57,5210
VD,Male,58,5114
VD,Male,59,4911
VD,Male,60,4740
VD,Male,61,4558
VD,Male,62,4163
VD,Male,63,4003
VD,Male,64,3718
VD,Male,65,3558
VD,Male,66,3397
VD,Male,67,3302
VD,Male,68,3243
VD,Male,69,3185
VD,Male,70,3277
VD,Male,71,3295
VD,Male,72,3215
VD,Male,73,3105
VD,Male,74,2954
VD,Male,75,2777
VD,Male,76,2596
VD,Male,77,2200
VD,Male,78,1957
VD,Male,79,1896
VD,Male,80,1768
VD,Male,81,1653
VD,Male,82,1533
VD,Male,83,1498
VD,Male,84,1311
VD,Male,85,1216
VD,Male,86,1098
VD,Male,87,960
VD,Male,88,896
VD,Male,89,742
VD,Male,90,583
VD,Male,91,457
VD,Male,92,417
VD,Male,93,338
VD,Male,94,272
VD,Male,95,181
VD,Male,96,124
VD,Male,97,93
VD,Male,98,57
VD,Male,99,89
VD,Female,1,4175
VD,Female,2,4311
VD,Female,3,4150
VD,Female,4,4185
VD,Female,5,4163
VD,Female,6,4195
VD,Female,7,4111
VD,Female,8,4294
VD,Female,9,4178
VD,Female,10,4189
VD,Female,11,4172
VD,Female,12,4174
VD,Female,13,4096
VD,Female,14,4142
VD,Female,15,3991
VD,Female,16,4140
VD,Female,17,4291
VD,Female,18,4534
VD,Female,19,4765
VD,Female,20,4801
VD,Female,21,4897
VD,Female,22,4926
VD,Female,23,4865
VD,Female,24,4831
VD,Female,25,4958
VD,Female,26,5282
VD,Female,27,5500
VD,Female,28,5458
VD,Female,29,5605
VD,Female,30,5770
VD,Female,31,5569
VD,Female,32,5742
VD,Female,33,5686
VD,Female,34,5612
VD,Female,35,5592
VD,Female,36,5862
VD,Female,37,5730
VD,Female,38,5863
VD,Female,39,5613
VD,Female,40,5763
VD,Female,41,5822
VD,Female,42,5672
VD,Female,43,5865
VD,Female,44,5863
VD,Female,45,5891
VD,Female,46,6056
VD,Female,47,6113
VD,Female,48,5969
VD,Female,49,5924
VD,Female,50,5963
VD,Female,51,5927
VD,Female,52,6076
VD,Female,53,6054
VD,Female,54,6051
VD,Female,55,5926
VD,Female,56,5571
VD,Female,57,5187
VD,Female,58,5119
VD,Female,59,4981
VD,Female,60,4859
VD,Female,61,4520
VD,Female,62,4176
VD,Female,63,3980
VD,Female,64,3949
VD,Female,65,3837
VD,Female,66,3750
VD,Female,67,3759
VD,Female,68,3791
VD,Female,69,3783
VD,Female,70,3830
VD,Female,71,3911
VD,Female,72,3774
VD,Female,73,3501
VD,Female,74,3546
VD,Female,75,3458
VD,Female,76,3163
VD,Female,77,2818
VD,Female,78,2584
VD,Female,79,2473
VD,Female,80,2392
VD,Female,81,2248
VD,Female,82,2179
VD,Female,83,2103
VD,Female,84,2048
VD,Female,85,1905
VD,Female,86,1758
VD,Female,87,1655
VD,Female,88,1663
VD,Female,89,1385
VD,Female,90,1274
VD,Female,91,1060
VD,Female,92,938
VD,Female,93,867
VD,Female,94,665
VD,Female,95,504
VD,Female,96,424
VD,Female,97,302
VD,Female,98,219
VD,Female,99,363
VS,Male,1,1620
VS,Male,2,1673
VS,Male,3,1686
VS,Male,4,1693
VS,Male,5,1705
VS,Male,6,1705
VS,Male,7,1735
VS,Male,8,1726
VS,Male,9,1727
VS,Male,10,1755
VS,Male,11,1665
VS,Male,12,1719
VS,Male,13,1750
VS,Male,14,1653
VS,Male,15,1640
VS,Male,16,1728
VS,Male,17,1799
VS,Male,18,1862
VS,Male,19,1898
VS,Male,20,2000
VS,Male,21,2039
VS,Male,22,2138
VS,Male,23,2088
VS,Male,24,2171
VS,Male,25,2201
VS,Male,26,2322
VS,Male,27,2313
VS,Male,28,2394
VS,Male,29,2306
VS,Male,30,2391
VS,Male,31,2285
VS,Male,32,2267
VS,Male,33,2240
VS,Male,34,2284
VS,Male,35,2226
VS,Male,36,2293
VS,Male,37,2366
VS,Male,38,2340
VS,Male,39,2159
VS,Male,40,2143
VS,Male,41,2176
VS,Male,42,2161
VS,Male,43,2201
VS,Male,44,2256
VS,Male,45,2362
VS,Male,46,2395
VS,Male,47,2454
VS,Male,48,2459
VS,Male,49,2505
VS,Male,50,2602
VS,Male,51,2613
VS,Male,52,2680
VS,Male,53,2720
VS,Male,54,2789
VS,Male,55,2770
VS,Male,56,2604
VS,Male,57,2569
VS,Male,58,2482
VS,Male,59,2387
VS,Male,60,2310
VS,Male,61,2223
VS,Male,62,2110
VS,Male,63,2038
VS,Male,64,1955
VS,Male,65,1800
VS,Male,66,1837
VS,Male,67,1812
VS,Male,68,1878
VS,Male,69,1867
VS,Male,70,1869
VS,Male,71,1840
VS,Male,72,1726
VS,Male,73,1648
VS,Male,74,1565
VS,Male,75,1502
VS,Male,76,1357
VS,Male,77,1229
VS,Male,78,1027
VS,Male,79,1030
VS,Male,80,972
VS,Male,81,896
VS,Male,82,789
VS,Male,83,798
VS,Male,84,696
VS,Male,85,634
VS,Male,86,595
VS,Male,87,491
VS,Male,88,396
VS,Male,89,311
VS,Male,90,281
VS,Male,91,223
VS,Male,92,158
VS,Male,93,122
VS,Male,94,88
VS,Male,95,75
VS,Male,96,48
VS,Male,97,40
VS,Male,98,15
VS,Male,99,21
VS,Female,1,1540
VS,Female,2,1674
VS,Female,3,1592
VS,Female,4,1635
VS,Female,5,1594
VS,Female,6,1597
VS,Female,7,1685
VS,Female,8,1745
VS,Female,9,1631
VS,Female,10,1561
VS,Female,11,1581
VS,Female,12,1627
VS,Female,13,1649
VS,Female,14,1574
VS,Female,15,1565
VS,Female,16,1550
VS,Female,17,1700
VS,Female,18,1730
VS,Female,19,1837
VS,Female,20,2019
VS,Female,21,2031
VS,Female,22,2111
VS,Female,23,2081
VS,Female,24,2033
VS,Female,25,2107
VS,Female,26,2247
VS,Female,27,2185
VS,Female,28,2295
VS,Female,29,2229
VS,Female,30,2317
VS,Female,31,2164
VS,Female,32,2315
VS,Female,33,2276
VS,Female,34,2230
VS,Female,35,2123
VS,Female,36,2144
VS,Female,37,2215
VS,Female,38,2184
VS,Female,39,2118
VS,Female,40,2133
VS,Female,41,2207
VS,Female,42,2131
VS,Female,43,2129
VS,Female,44,2227
VS,Female,45,2280
VS,Female,46,2407
VS,Female,47,2396
VS,Female,48,2464
VS,Female,49,2472
VS,Female,50,2550
VS,Female,51,2658
VS,Female,52,2676
VS,Female,53,2736
VS,Female,54,2771
VS,Female,55,2765
VS,Female,56,2583
VS,Female,57,2501
VS,Female,58,2500
VS,Female,59,2446
VS,Female,60,2238
VS,Female,61,2177
VS,Female,62,2100
VS,Female,63,2079
VS,Female,64,2039
VS,Female,65,1982
VS,Female,66,1980
VS,Female,67,1946
VS,Female,68,1980
VS,Female,69,1981
VS,Female,70,2026
VS,Female,71,1979
VS,Female,72,1956
VS,Female,73,1711
VS,Female,74,1780
VS,Female,75,1699
VS,Female,76,1502
VS,Female,77,1424
VS,Female,78,1325
VS,Female,79,1247
VS,Female,80,1168
VS,Female,81,1109
VS,Female,82,1042
VS,Female,83,1032
VS,Female,84,998
VS,Female,85,886
VS,Female,86,871
VS,Female,87,746
VS,Female,88,716
VS,Female,89,628
VS,Female,90,526
VS,Female,91,391
VS,Female,92,367
VS,Female,93,314
VS,Female,94,242
VS,Female,95,173
VS,Female,96,130
VS,Female,97,111
VS,Female,98,61
VS,Female,99,116
NE,Male,1,922
NE,Male,2,886
NE,Male,3,922
NE,Male,4,935
NE,Male,5,918
NE,Male,6,939
NE,Male,7,966
NE,Male,8,953
NE,Male,9,955
NE,Male,10,984
NE,Male,11,921
NE,Male,12,995
NE,Male,13,1012
NE,Male,14,973
NE,Male,15,978
NE,Male,16,1038
NE,Male,17,994
NE,Male,18,1057
NE,Male,19,1062
NE,Male,20,1076
NE,Male,21,1118
NE,Male,22,1096
NE,Male,23,1171
NE,Male,24,1129
NE,Male,25,1191
NE,Male,26,1206
NE,Male,27,1209
NE,Male,28,1182
NE,Male,29,1219
NE,Male,30,1187
NE,Male,31,1164
NE,Male,32,1157
NE,Male,33,1131
NE,Male,34,1116
NE,Male,35,1113
NE,Male,36,1153
NE,Male,37,1169
NE,Male,38,1198
NE,Male,39,1163
NE,Male,40,1172
NE,Male,41,1152
NE,Male,42,1125
NE,Male,43,1238
NE,Male,44,1219
NE,Male,45,1231
NE,Male,46,1324
NE,Male,47,1357
NE,Male,48,1305
NE,Male,49,1347
NE,Male,50,1339
NE,Male,51,1339
NE,Male,52,1365
NE,Male,53,1385
NE,Male,54,1416
NE,Male,55,1272
NE,Male,56,1224
NE,Male,57,1174
NE,Male,58,1204
NE,Male,59,1175
NE,Male,60,1111
NE,Male,61,1031
NE,Male,62,1042
NE,Male,63,972
NE,Male,64,916
NE,Male,65,906
NE,Male,66,794
NE,Male,67,851
NE,Male,68,813
NE,Male,69,818
NE,Male,70,789
NE,Male,71,867
NE,Male,72,846
NE,Male,73,790
NE,Male,74,695
NE,Male,75,752
NE,Male,76,673
NE,Male,77,611
NE,Male,78,479
NE,Male,79,484
NE,Male,80,442
NE,Male,81,443
NE,Male,82,416
NE,Male,83,376
NE,Male,84,347
NE,Male,85,318
NE,Male,86,261
NE,Male,87,268
NE,Male,88,207
NE,Male,89,186
NE,Male,90,166
NE,Male,91,119
NE,Male,92,107
NE,Male,93,72
NE,Male,94,59
NE,Male,95,52
NE,Male,96,35
NE,Male,97,26
NE,Male,98,12
NE,Male,99,20
NE,Female,1,820
NE,Female,2,916
NE,Female,3,885
NE,Female,4,893
NE,Female,5,841
NE,Female,6,873
NE,Female,7,898
NE,Female,8,896
NE,Female,9,941
NE,Female,10,881
NE,Female,11,903
NE,Female,12,942
NE,Female,13,936
NE,Female,14,910
NE,Female,15,965
NE,Female,16,930
NE,Female,17,969
NE,Female,18,988
NE,Female,19,1017
NE,Female,20,1049
NE,Female,21,1034
NE,Female,22,1004
NE,Female,23,1058
NE,Female,24,1098
NE,Female,25,1120
NE,Female,26,1164
NE,Female,27,1117
NE,Female,28,1204
NE,Female,29,1108
NE,Female,30,1169
NE,Female,31,1117
NE,Female,32,1171
NE,Female,33,1221
NE,Female,34,1118
NE,Female,35,1126
NE,Female,36,1131
NE,Female,37,1148
NE,Female,38,1153
NE,Female,39,1149
NE,Female,40,1162
NE,Female,41,1254
NE,Female,42,1189
NE,Female,43,1237
NE,Female,44,1269
NE,Female,45,1330
NE,Female,46,1326
NE,Female,47,1406
NE,Female,48,1337
NE,Female,49,1276
NE,Female,50,1353
NE,Female,51,1398
NE,Female,52,1348
NE,Female,53,1355
NE,Female,54,1364
NE,Female,55,1290
NE,Female,56,1234
NE,Female,57,1176
NE,Female,58,1154
NE,Female,59,1174
NE,Female,60,1045
NE,Female,61,1085
NE,Female,62,1068
NE,Female,63,1002
NE,Female,64,970
NE,Female,65,942
NE,Female,66,969
NE,Female,67,875
NE,Female,68,896
NE,Female,69,962
NE,Female,70,978
NE,Female,71,933
NE,Female,72,1010
NE,Female,73,861
NE,Female,74,857
NE,Female,75,855
NE,Female,76,828
NE,Female,77,716
NE,Female,78,716
NE,Female,79,644
NE,Female,80,595
NE,Female,81,586
NE,Female,82,583
NE,Female,83,602
NE,Female,84,549
NE,Female,85,539
NE,Female,86,563
NE,Female,87,484
NE,Female,88,432
NE,Female,89,395
NE,Female,90,349
NE,Female,91,277
NE,Female,92,276
NE,Female,93,217
NE,Female,94,193
NE,Female,95,152
NE,Female,96,139
NE,Female,97,83
NE,Female,98,54
NE,Female,99,96
GE,Male,1,2664
GE,Male,2,2702
GE,Male,3,2785
GE,Male,4,2686
GE,Male,5,2742
GE,Male,6,2667
GE,Male,7,2668
GE,Male,8,2634
GE,Male,9,2596
GE,Male,10,2586
GE,Male,11,2674
GE,Male,12,2600
GE,Male,13,2624
GE,Male,14,2627
GE,Male,15,2399
GE,Male,16,2701
GE,Male,17,2704
GE,Male,18,2907
GE,Male,19,2782
GE,Male,20,2806
GE,Male,21,2874
GE,Male,22,3059
GE,Male,23,2910
GE,Male,24,3034
GE,Male,25,3200
GE,Male,26,3380
GE,Male,27,3495
GE,Male,28,3479
GE,Male,29,3503
GE,Male,30,3530
GE,Male,31,3510
GE,Male,32,3541
GE,Male,33,3658
GE,Male,34,3601
GE,Male,35,3704
GE,Male,36,3769
GE,Male,37,3706
GE,Male,38,3724
GE,Male,39,3827
GE,Male,40,3646
GE,Male,41,3690
GE,Male,42,3730
GE,Male,43,3604
GE,Male,44,3768
GE,Male,45,3722
GE,Male,46,3795
GE,Male,47,3661
GE,Male,48,3575
GE,Male,49,3527
GE,Male,50,3586
GE,Male,51,3702
GE,Male,52,3827
GE,Male,53,3837
GE,Male,54,3767
GE,Male,55,3598
GE,Male,56,3373
GE,Male,57,3252
GE,Male,58,3172
GE,Male,59,3136
GE,Male,60,2881
GE,Male,61,2731
GE,Male,62,2571
GE,Male,63,2464
GE,Male,64,2234
GE,Male,65,2104
GE,Male,66,1985
GE,Male,67,1843
GE,Male,68,1889
GE,Male,69,1852
GE,Male,70,1871
GE,Male,71,1811
GE,Male,72,1877
GE,Male,73,1793
GE,Male,74,1758
GE,Male,75,1679
GE,Male,76,1573
GE,Male,77,1359
GE,Male,78,1306
GE,Male,79,1239
GE,Male,80,1186
GE,Male,81,1088
GE,Male,82,1055
GE,Male,83,1015
GE,Male,84,882
GE,Male,85,803
GE,Male,86,750
GE,Male,87,627
GE,Male,88,614
GE,Male,89,487
GE,Male,90,421
GE,Male,91,318
GE,Male,92,266
GE,Male,93,228
GE,Male,94,155
GE,Male,95,122
GE,Male,96,86
GE,Male,97,71
GE,Male,98,44
GE,Male,99,50
GE,Female,1,2507
GE,Female,2,2628
GE,Female,3,2554
GE,Female,4,2713
GE,Female,5,2504
GE,Female,6,2477
GE,Female,7,2414
GE,Female,8,2557
GE,Female,9,2497
GE,Female,10,2505
GE,Female,11,2535
GE,Female,12,2460
GE,Female,13,2550
GE,Female,14,2624
GE,Female,15,2466
GE,Female,16,2495
GE,Female,17,2519
GE,Female,18,2697
GE,Female,19,2704
GE,Female,20,2644
GE,Female,21,2774
GE,Female,22,2878
GE,Female,23,2941
GE,Female,24,3068
GE,Female,25,3224
GE,Female,26,3439
GE,Female,27,3526
GE,Female,28,3444
GE,Female,29,3558
GE,Female,30,3698
GE,Female,31,3664
GE,Female,32,3730
GE,Female,33,3681
GE,Female,34,3881
GE,Female,35,3750
GE,Female,36,3824
GE,Female,37,3914
GE,Female,38,3924
GE,Female,39,3842
GE,Female,40,3829
GE,Female,41,3893
GE,Female,42,3820
GE,Female,43,3882
GE,Female,44,3871
GE,Female,45,3849
GE,Female,46,3806
GE,Female,47,3724
GE,Female,48,3845
GE,Female,49,3722
GE,Female,50,3819
GE,Female,51,3742
GE,Female,52,3848
GE,Female,53,3881
GE,Female,54,4002
GE,Female,55,3641
GE,Female,56,3574
GE,Female,57,3343
GE,Female,58,3180
GE,Female,59,3162
GE,Female,60,2852
GE,Female,61,2763
GE,Female,62,2660
GE,Female,63,2521
GE,Female,64,2509
GE,Female,65,2404
GE,Female,66,2277
GE,Female,67,2141
GE,Female,68,2333
GE,Female,69,2190
GE,Female,70,2325
GE,Female,71,2414
GE,Female,72,2273
GE,Female,73,2176
GE,Female,74,2316
GE,Female,75,2129
GE,Female,76,2120
GE,Female,77,1918
GE,Female,78,1711
GE,Female,79,1654
GE,Female,80,1633
GE,Female,81,1564
GE,Female,82,1377
GE,Female,83,1382
GE,Female,84,1330
GE,Female,85,1278
GE,Female,86,1194
GE,Female,87,1106
GE,Female,88,1081
GE,Female,89,899
GE,Female,90,796
GE,Female,91,726
GE,Female,92,593
GE,Female,93,524
GE,Female,94,435
GE,Female,95,369
GE,Female,96,282
GE,Female,97,218
GE,Female,98,146
GE,Female,99,273
JU,Male,1,354
JU,Male,2,360
JU,Male,3,356
JU,Male,4,365
JU,Male,5,380
JU,Male,6,405
JU,Male,7,366
JU,Male,8,395
JU,Male,9,404
JU,Male,10,377
JU,Male,11,352
JU,Male,12,417
JU,Male,13,400
JU,Male,14,395
JU,Male,15,405
JU,Male,16,430
JU,Male,17,451
JU,Male,18,457
JU,Male,19,456
JU,Male,20,487
JU,Male,21,475
JU,Male,22,508
JU,Male,23,503
JU,Male,24,513
JU,Male,25,479
JU,Male,26,511
JU,Male,27,482
JU,Male,28,484
JU,Male,29,467
JU,Male,30,425
JU,Male,31,439
JU,Male,32,468
JU,Male,33,411
JU,Male,34,436
JU,Male,35,411
JU,Male,36,427
JU,Male,37,430
JU,Male,38,440
JU,Male,39,406
JU,Male,40,419
JU,Male,41,424
JU,Male,42,426
JU,Male,43,424
JU,Male,44,450
JU,Male,45,469
JU,Male,46,470
JU,Male,47,490
JU,Male,48,491
JU,Male,49,521
JU,Male,50,567
JU,Male,51,547
JU,Male,52,573
JU,Male,53,556
JU,Male,54,536
JU,Male,55,535
JU,Male,56,575
JU,Male,57,520
JU,Male,58,535
JU,Male,59,534
JU,Male,60,482
JU,Male,61,465
JU,Male,62,457
JU,Male,63,471
JU,Male,64,470
JU,Male,65,429
JU,Male,66,432
JU,Male,67,411
JU,Male,68,418
JU,Male,69,467
JU,Male,70,428
JU,Male,71,389
JU,Male,72,377
JU,Male,73,392
JU,Male,74,316
JU,Male,75,315
JU,Male,76,289
JU,Male,77,257
JU,Male,78,223
JU,Male,79,222
JU,Male,80,207
JU,Male,81,204
JU,Male,82,194
JU,Male,83,167
JU,Male,84,162
JU,Male,85,147
JU,Male,86,127
JU,Male,87,108
JU,Male,88,97
JU,Male,89,70
JU,Male,90,76
JU,Male,91,62
JU,Male,92,42
JU,Male,93,31
JU,Male,94,27
JU,Male,95,20
JU,Male,96,10
JU,Male,97,10
JU,Male,98,11
JU,Male,99,9
JU,Female,1,332
JU,Female,2,340
JU,Female,3,355
JU,Female,4,330
JU,Female,5,346
JU,Female,6,351
JU,Female,7,348
JU,Female,8,342
JU,Female,9,393
JU,Female,10,356
JU,Female,11,355
JU,Female,12,353
JU,Female,13,403
JU,Female,14,385
JU,Female,15,372
JU,Female,16,409
JU,Female,17,430
JU,Female,18,447
JU,Female,19,431
JU,Female,20,457
JU,Female,21,459
JU,Female,22,397
JU,Female,23,469
JU,Female,24,430
JU,Female,25,399
JU,Female,26,466
JU,Female,27,451
JU,Female,28,407
JU,Female,29,425
JU,Female,30,437
JU,Female,31,400
JU,Female,32,434
JU,Female,33,391
JU,Female,34,428
JU,Female,35,425
JU,Female,36,425
JU,Female,37,396
JU,Female,38,417
JU,Female,39,416
JU,Female,40,418
JU,Female,41,425
JU,Female,42,425
JU,Female,43,433
JU,Female,44,490
JU,Female,45,525
JU,Female,46,486
JU,Female,47,534
JU,Female,48,515
JU,Female,49,546
JU,Female,50,523
JU,Female,51,576
JU,Female,52,518
JU,Female,53,582
JU,Female,54,572
JU,Female,55,543
JU,Female,56,566
JU,Female,57,519
JU,Female,58,539
JU,Female,59,513
JU,Female,60,467
JU,Female,61,494
JU,Female,62,503
JU,Female,63,460
JU,Female,64,468
JU,Female,65,394
JU,Female,66,474
JU,Female,67,428
JU,Female,68,440
JU,Female,69,443
JU,Female,70,410
JU,Female,71,429
JU,Female,72,422
JU,Female,73,370
JU,Female,74,357
JU,Female,75,364
JU,Female,76,322
JU,Female,77,310
JU,Female,78,284
JU,Female,79,307
JU,Female,80,272
JU,Female,81,240
JU,Female,82,267
JU,Female,83,230
JU,Female,84,206
JU,Female,85,252
JU,Female,86,222
JU,Female,87,220
JU,Female,88,191
JU,Female,89,149
JU,Female,90,145
JU,Female,91,141
JU,Female,92,118
JU,Female,93,89
JU,Female,94,64
JU,Female,95,60
JU,Female,96,49
JU,Female,97,26
JU,Female,98,22
JU,Female,99,46
